# ************************************************************
# Sequel Pro SQL dump
# Version 4541
#
# http://www.sequelpro.com/
# https://github.com/sequelpro/sequelpro
#
# Host: 127.0.0.1 (MySQL 5.7.16)
# Database: crm
# Generation Time: 2017-12-18 05:32:59 +0000
# ************************************************************


/*!40101 SET @OLD_CHARACTER_SET_CLIENT=@@CHARACTER_SET_CLIENT */;
/*!40101 SET @OLD_CHARACTER_SET_RESULTS=@@CHARACTER_SET_RESULTS */;
/*!40101 SET @OLD_COLLATION_CONNECTION=@@COLLATION_CONNECTION */;
/*!40101 SET NAMES utf8 */;
/*!40014 SET @OLD_FOREIGN_KEY_CHECKS=@@FOREIGN_KEY_CHECKS, FOREIGN_KEY_CHECKS=0 */;
/*!40101 SET @OLD_SQL_MODE=@@SQL_MODE, SQL_MODE='NO_AUTO_VALUE_ON_ZERO' */;
/*!40111 SET @OLD_SQL_NOTES=@@SQL_NOTES, SQL_NOTES=0 */;


# Dump of table ACT_EVT_LOG
# ------------------------------------------------------------

DROP TABLE IF EXISTS `ACT_EVT_LOG`;

CREATE TABLE `ACT_EVT_LOG` (
  `LOG_NR_` bigint(20) NOT NULL AUTO_INCREMENT,
  `TYPE_` varchar(64) COLLATE utf8_bin DEFAULT NULL,
  `PROC_DEF_ID_` varchar(64) COLLATE utf8_bin DEFAULT NULL,
  `PROC_INST_ID_` varchar(64) COLLATE utf8_bin DEFAULT NULL,
  `EXECUTION_ID_` varchar(64) COLLATE utf8_bin DEFAULT NULL,
  `TASK_ID_` varchar(64) COLLATE utf8_bin DEFAULT NULL,
  `TIME_STAMP_` timestamp(3) NOT NULL DEFAULT CURRENT_TIMESTAMP(3) ON UPDATE CURRENT_TIMESTAMP(3),
  `USER_ID_` varchar(255) COLLATE utf8_bin DEFAULT NULL,
  `DATA_` longblob,
  `LOCK_OWNER_` varchar(255) COLLATE utf8_bin DEFAULT NULL,
  `LOCK_TIME_` timestamp(3) NULL DEFAULT NULL,
  `IS_PROCESSED_` tinyint(4) DEFAULT '0',
  PRIMARY KEY (`LOG_NR_`)
) ENGINE=InnoDB DEFAULT CHARSET=utf8 COLLATE=utf8_bin;



# Dump of table ACT_GE_BYTEARRAY
# ------------------------------------------------------------

DROP TABLE IF EXISTS `ACT_GE_BYTEARRAY`;

CREATE TABLE `ACT_GE_BYTEARRAY` (
  `ID_` varchar(64) COLLATE utf8_bin NOT NULL,
  `REV_` int(11) DEFAULT NULL,
  `NAME_` varchar(255) COLLATE utf8_bin DEFAULT NULL,
  `DEPLOYMENT_ID_` varchar(64) COLLATE utf8_bin DEFAULT NULL,
  `BYTES_` longblob,
  `GENERATED_` tinyint(4) DEFAULT NULL,
  PRIMARY KEY (`ID_`),
  KEY `ACT_FK_BYTEARR_DEPL` (`DEPLOYMENT_ID_`),
  CONSTRAINT `ACT_FK_BYTEARR_DEPL` FOREIGN KEY (`DEPLOYMENT_ID_`) REFERENCES `ACT_RE_DEPLOYMENT` (`ID_`)
) ENGINE=InnoDB DEFAULT CHARSET=utf8 COLLATE=utf8_bin;

LOCK TABLES `ACT_GE_BYTEARRAY` WRITE;
/*!40000 ALTER TABLE `ACT_GE_BYTEARRAY` DISABLE KEYS */;

INSERT INTO `ACT_GE_BYTEARRAY` (`ID_`, `REV_`, `NAME_`, `DEPLOYMENT_ID_`, `BYTES_`, `GENERATED_`)
VALUES
	(X'32',1,X'6C656176652E62706D6E',X'31',X'3C3F786D6C2076657273696F6E3D22312E302220656E636F64696E673D225554462D3822207374616E64616C6F6E653D22796573223F3E0A3C646566696E6974696F6E7320786D6C6E733D22687474703A2F2F7777772E6F6D672E6F72672F737065632F42504D4E2F32303130303532342F4D4F44454C2220786D6C6E733A61637469766974693D22687474703A2F2F61637469766974692E6F72672F62706D6E2220786D6C6E733A62706D6E64693D22687474703A2F2F7777772E6F6D672E6F72672F737065632F42504D4E2F32303130303532342F44492220786D6C6E733A64633D22687474703A2F2F7777772E6F6D672E6F72672F737065632F44442F32303130303532342F44432220786D6C6E733A64693D22687474703A2F2F7777772E6F6D672E6F72672F737065632F44442F32303130303532342F44492220786D6C6E733A7873643D22687474703A2F2F7777772E77332E6F72672F323030312F584D4C536368656D612220786D6C6E733A7873693D22687474703A2F2F7777772E77332E6F72672F323030312F584D4C536368656D612D696E7374616E6365222065787072657373696F6E4C616E67756167653D22687474703A2F2F7777772E77332E6F72672F313939392F5850617468222069643D226D3135313138363936333834353022206E616D653D2222207461726765744E616D6573706163653D22687474703A2F2F7777772E61637469766974692E6F72672F746573746D313531313836393633383435302220747970654C616E67756167653D22687474703A2F2F7777772E77332E6F72672F323030312F584D4C536368656D61223E0A20203C70726F636573732069643D2268656C6C6F776F726C6422206973436C6F7365643D2266616C73652220697345786563757461626C653D227472756522206E616D653D2268656C6C6F776F726C6450726F63657373222070726F63657373547970653D224E6F6E65223E0A202020203C73746172744576656E742069643D225F3222206E616D653D2253746172744576656E74222F3E0A202020203C656E644576656E742069643D225F3322206E616D653D22456E644576656E74222F3E0A202020203C757365725461736B2061637469766974693A61737369676E65653D22E5BCA0E4B889222061637469766974693A6578636C75736976653D2274727565222069643D225F3422206E616D653D22E68F90E4BAA4E794B3E8AFB7222F3E0A202020203C757365725461736B2061637469766974693A61737369676E65653D22E69D8EE59B9B222061637469766974693A6578636C75736976653D2274727565222069643D225F3522206E616D653D22E5AEA1E689B9E38090E983A8E997A8E7BB8FE79086E38091222F3E0A202020203C757365725461736B2061637469766974693A61737369676E65653D22E78E8BE4BA94222061637469766974693A6578636C75736976653D2274727565222069643D225F3622206E616D653D22E5AEA1E689B9E38090E680BBE7BB8FE79086E38091222F3E0A202020203C73657175656E6365466C6F772069643D225F372220736F757263655265663D225F3422207461726765745265663D225F35222F3E0A202020203C73657175656E6365466C6F772069643D225F382220736F757263655265663D225F3222207461726765745265663D225F34222F3E0A202020203C73657175656E6365466C6F772069643D225F392220736F757263655265663D225F3522207461726765745265663D225F36222F3E0A202020203C73657175656E6365466C6F772069643D225F31302220736F757263655265663D225F3622207461726765745265663D225F33222F3E0A20203C2F70726F636573733E0A20203C62706D6E64693A42504D4E4469616772616D20646F63756D656E746174696F6E3D226261636B67726F756E643D234646464646463B636F756E743D313B686F72697A6F6E74616C636F756E743D313B6F7269656E746174696F6E3D303B77696474683D3834322E343B6865696768743D313139352E323B696D61676561626C6557696474683D3833322E343B696D61676561626C654865696768743D313138352E323B696D61676561626C65583D352E303B696D61676561626C65593D352E30222069643D224469616772616D2D5F3122206E616D653D224E6577204469616772616D223E0A202020203C62706D6E64693A42504D4E506C616E652062706D6E456C656D656E743D2268656C6C6F776F726C64223E0A2020202020203C62706D6E64693A42504D4E53686170652062706D6E456C656D656E743D225F32222069643D2253686170652D5F32223E0A20202020202020203C64633A426F756E6473206865696768743D2233322E30222077696474683D2233322E302220783D223138302E302220793D2234352E30222F3E0A20202020202020203C62706D6E64693A42504D4E4C6162656C3E0A202020202020202020203C64633A426F756E6473206865696768743D2233322E30222077696474683D2233322E302220783D22302E302220793D22302E30222F3E0A20202020202020203C2F62706D6E64693A42504D4E4C6162656C3E0A2020202020203C2F62706D6E64693A42504D4E53686170653E0A2020202020203C62706D6E64693A42504D4E53686170652062706D6E456C656D656E743D225F33222069643D2253686170652D5F33223E0A20202020202020203C64633A426F756E6473206865696768743D2233322E30222077696474683D2233322E302220783D223138352E302220793D223439352E30222F3E0A20202020202020203C62706D6E64693A42504D4E4C6162656C3E0A202020202020202020203C64633A426F756E6473206865696768743D2233322E30222077696474683D2233322E302220783D22302E302220793D22302E30222F3E0A20202020202020203C2F62706D6E64693A42504D4E4C6162656C3E0A2020202020203C2F62706D6E64693A42504D4E53686170653E0A2020202020203C62706D6E64693A42504D4E53686170652062706D6E456C656D656E743D225F34222069643D2253686170652D5F34223E0A20202020202020203C64633A426F756E6473206865696768743D2235302E30222077696474683D2238352E302220783D223135352E302220793D223132352E30222F3E0A20202020202020203C62706D6E64693A42504D4E4C6162656C3E0A202020202020202020203C64633A426F756E6473206865696768743D2235302E30222077696474683D2238352E302220783D22302E302220793D22302E30222F3E0A20202020202020203C2F62706D6E64693A42504D4E4C6162656C3E0A2020202020203C2F62706D6E64693A42504D4E53686170653E0A2020202020203C62706D6E64693A42504D4E53686170652062706D6E456C656D656E743D225F35222069643D2253686170652D5F35223E0A20202020202020203C64633A426F756E6473206865696768743D2235352E30222077696474683D2239302E302220783D223135352E302220793D223235302E30222F3E0A20202020202020203C62706D6E64693A42504D4E4C6162656C3E0A202020202020202020203C64633A426F756E6473206865696768743D2235352E30222077696474683D2239302E302220783D22302E302220793D22302E30222F3E0A20202020202020203C2F62706D6E64693A42504D4E4C6162656C3E0A2020202020203C2F62706D6E64693A42504D4E53686170653E0A2020202020203C62706D6E64693A42504D4E53686170652062706D6E456C656D656E743D225F36222069643D2253686170652D5F36223E0A20202020202020203C64633A426F756E6473206865696768743D2235352E30222077696474683D2238352E302220783D223136302E302220793D223338302E30222F3E0A20202020202020203C62706D6E64693A42504D4E4C6162656C3E0A202020202020202020203C64633A426F756E6473206865696768743D2235352E30222077696474683D2238352E302220783D22302E302220793D22302E30222F3E0A20202020202020203C2F62706D6E64693A42504D4E4C6162656C3E0A2020202020203C2F62706D6E64693A42504D4E53686170653E0A2020202020203C62706D6E64693A42504D4E456467652062706D6E456C656D656E743D225F37222069643D2242504D4E456467655F5F372220736F75726365456C656D656E743D225F342220746172676574456C656D656E743D225F35223E0A20202020202020203C64693A776179706F696E7420783D223139372E352220793D223137352E30222F3E0A20202020202020203C64693A776179706F696E7420783D223139372E352220793D223235302E30222F3E0A20202020202020203C62706D6E64693A42504D4E4C6162656C3E0A202020202020202020203C64633A426F756E6473206865696768743D22302E30222077696474683D22302E302220783D22302E302220793D22302E30222F3E0A20202020202020203C2F62706D6E64693A42504D4E4C6162656C3E0A2020202020203C2F62706D6E64693A42504D4E456467653E0A2020202020203C62706D6E64693A42504D4E456467652062706D6E456C656D656E743D225F38222069643D2242504D4E456467655F5F382220736F75726365456C656D656E743D225F322220746172676574456C656D656E743D225F34223E0A20202020202020203C64693A776179706F696E7420783D223139362E302220793D2237372E30222F3E0A20202020202020203C64693A776179706F696E7420783D223139362E302220793D223132352E30222F3E0A20202020202020203C62706D6E64693A42504D4E4C6162656C3E0A202020202020202020203C64633A426F756E6473206865696768743D22302E30222077696474683D22302E302220783D22302E302220793D22302E30222F3E0A20202020202020203C2F62706D6E64693A42504D4E4C6162656C3E0A2020202020203C2F62706D6E64693A42504D4E456467653E0A2020202020203C62706D6E64693A42504D4E456467652062706D6E456C656D656E743D225F39222069643D2242504D4E456467655F5F392220736F75726365456C656D656E743D225F352220746172676574456C656D656E743D225F36223E0A20202020202020203C64693A776179706F696E7420783D223230322E352220793D223330352E30222F3E0A20202020202020203C64693A776179706F696E7420783D223230322E352220793D223338302E30222F3E0A20202020202020203C62706D6E64693A42504D4E4C6162656C3E0A202020202020202020203C64633A426F756E6473206865696768743D22302E30222077696474683D22302E302220783D22302E302220793D22302E30222F3E0A20202020202020203C2F62706D6E64693A42504D4E4C6162656C3E0A2020202020203C2F62706D6E64693A42504D4E456467653E0A2020202020203C62706D6E64693A42504D4E456467652062706D6E456C656D656E743D225F3130222069643D2242504D4E456467655F5F31302220736F75726365456C656D656E743D225F362220746172676574456C656D656E743D225F33223E0A20202020202020203C64693A776179706F696E7420783D223230312E302220793D223433352E30222F3E0A20202020202020203C64693A776179706F696E7420783D223230312E302220793D223439352E30222F3E0A20202020202020203C62706D6E64693A42504D4E4C6162656C3E0A202020202020202020203C64633A426F756E6473206865696768743D22302E30222077696474683D22302E302220783D22302E302220793D22302E30222F3E0A20202020202020203C2F62706D6E64693A42504D4E4C6162656C3E0A2020202020203C2F62706D6E64693A42504D4E456467653E0A202020203C2F62706D6E64693A42504D4E506C616E653E0A20203C2F62706D6E64693A42504D4E4469616772616D3E0A3C2F646566696E6974696F6E733E0A',0),
	(X'33',1,X'6C656176652E68656C6C6F776F726C642E706E67',X'31',X'89504E470D0A1A0A0000000D49484452000000FF000002190806000000698AE97C00001F2A4944415478DAEDDD0B7454D5BDC7F15AD00557B0DA4AEBAB082A2EDBDAAB562F52041B97507B2D82763999CC2448B4966778A85034BC54ACB502050565A928F21014ACB5A240C88B8406830179C628C1004A080C707904F2E0E1BEFFFF29934E12862284CCCCD9DFCF5AFFC5CC9C04C23FF33B7BEF33E7CC7CE73B00000000000000000000000000000000000000000000000000000000000000000000000000000000000000000000000000000000000000000000000000000000000000807F31C6344B4B4B7B64CA94292BC68D1BB7EFB1C71E3B929C9C6C1212124C5252D2378F3CF248D5E8D1A3BF7CEAA9A7DE1B3468D01D740C8871DBB76FBF79D6AC597983070F3ED6BF7F7F337DFA74939F9F6FCACACA4C6565A551870F1F368140C014141498D9B3679B7EFDFA7D3370E0C03DA9A9A94F7B3C9E16741188AD91BE457676F6929494946FC68F1F6FD6AD5BE784FC541516161A992598871F7EF8D0A38F3EDA8D8E023132DABFF0C20BFB870C1962D6AC5963CEC4E79F7F6E641970B44F9F3E1FCA32A119DD05A2547979F9AF468E1C79F8C5175F34070E1C300D419707F2F71D193060400ECB00204A477C0DFEF3CF3F6F8E1E3D6A1ADAD4A9530FCB0C20232E2EAE29DD06A2688DAF537D1DF1CF46F083264D9A5491949434978E0351420FEEE91ABFA1A6FA275B02F4EFDF7F7F4242421C5D07A260BAAF47F5F5887E63D083808989893B58FF0311A6AFE3EBCB798D69ECD8B19B64F41F4AF781C8ADF59BE9093C8D35EA0715151555FBFDFEAD1CFC0322243D3D7DA89EB977360FF285939C9C1CF07ABD1DF82D0011A0E7EAEB29BB913071E2C43532F51FCB6F018800BD4847CFD58F848F3FFEF86B09FF7C7E0B4004E8D5797A914E24ECDEBD7B8F84BF88DF0210013D7BF6ACB93AAFB1E9854212FE4A7E0B4004E8F5F891A4FF3EBF0520027AF5EAF54D0447FEDD8CFC40E4D6FC95915AF307028162D6FC40848C19336663A48EF6A7A5A52DE4683F102163C78E9D1BA9D7F9478D1AB580D7F98108193870607B7DCFBD089CE157A9A7F772861F104183070FDED5D8E7F6CB5243A7FC9B39B71F88A09123478E193F7EFC378D19FE3E7DFA2CE0AA3E20C2F48D357BF7EE5DAEEFB8DB1856AC5891A6A33ED7F30351202525E57F65FD7FF86CBF934F4545C50E59EB6FE49D7C8028D2B76FDFF7274E9C5875160FFE95F7EBD74FD7FAB3E8361045F4E09BCC00D2A64C99527D167600E5A9A9A9EFE8EBFABC7F3F10A53B0059FF2F9C3061C2C143870E35D8547FC080017A806F3EEB7C20CA77003D7BF69C2DCB80FD6BD7AE3D7AA607F78EAFF16731E20331420FCA252525958E1E3DBA447602DF662950595050B0488F21E8517D0EEE013148476BAFD79BE2F3F9363DF0C003BBC78F1FBF26272767EB8E1D3B02C10FEED4ABF3F4229D254B96A4E929BB7AE6DEF1D00F659A0FB86326708BD448D911CC951DC26ABD1C57AFC73FFE6791AEE965DB9FF5945DCEDC03DCBF4338DCBB77EF73E904605FF80FDD73CF3DFF452700FBC2BF4FD6F5DFA313807DE10F48F85BD109C0BEF0974A5D462700FBC2BFC5EFF75F492700FBC2BF51C2DF8E4E0096F1F97C85B2E6FF299D00EC1BF9D778BDDE1BE804605FF83F91F0FF0F9D00EC0B7F9E54473A01D817FEA5B2EEFF159D00EC0BFF12097F573A015846D6FB1FF9FDFEBBE90460DFC8FFBEEC007AD009C03232E59F27E1F7D009C0BE91FF2D293F9D00EC0BFF9B32FAF7A213807DE17F55EA0F7402B08CACF75F9291BF3F9D002C23C19F243B80C17402B02FFCCF4BF887D109C0BE35FF9FA452E904605FF89F941A432700FBC29FAAA33F9D002CA3EB7D5DF7D309C03212FC21B20398482700FBC2DF5F5FEBA713807D6BFE3FE8597E7402B02FFCC952D3E904605FF8FD7A651F9D002CA3D7F2EB35FD7402B08C04FF5ED901FC9D4E0096D1F7EFD3F7F1A313807D237F577D075F3A015846821F27954D2700FBC2DF513FB5476F7B3C9E1672BB8DFC79099D015C44C32DEBFBD512F0CD52BBA44C987A926E01EE1BE9C79E24F45AE5C9C9C917D229C085A3BF04BCEC24E11F47970097D22BF9C204BF52B65D4C8700778FFEF5D6FC5CDA0BD831FA27D50DBFDFEFBF91CE0016387EE43F18FEF97404B0C4F1137C82E18FA323805D3B803CA9A37402B06FEDFF1B99FE1FA113400332C6342D2929999F9F9F7F2C3333D3A4A7A753A75119191926373777B75412CF2AC4040DFEB265CB4C201030D5D5D5D419D4AE5DBB4C4E4ECE7ED911DCCF330B514F477C82DFA03B806A990914F1CC42D4D3A93EA16DD892F0737C02D14FD7AB04B6C1C36F7866C135E13FB8AFCC94144C3785194F3BA5B7F531C24EF8E1E2F097EF2D351BD24699B51F0DAB55FA986E23F0841F2E0DFFD7851FD40B7EB0B6152E20F0841F6E0D7F51F65FC2865FB71178C20F97867F43FA9361C3AFDB083CE107E1A7083FDC147E3DBA1F2EFCBA8DC0137EB834FCC57953C2865FB71178C20F97867F4FE93AB361C998FA537E794CB71178C20F97865F6BF3CA99F5C2AF8F1176C20F3787BFAACA142F9F5A7FCA2F8FE936024FF8E1C2F0EB197C1BF326875DF3EB36CEF223FC7053F865442F2BCE32EB17A7860D7EB0F46BF46B9905107EC478F8FFD368CF2C80F0C3A5E13F95D1FE64B300C24FF811A3E13FDDE0078BF0137EB8E5683F45F841F829C20FC24F117E107E8AF083F053841F849FF003849FF003849FF003849FF003849FF003849FF003849FF003849FF003849FF003849FF003849FF003849FF003849FF003849FF003849FF003849FF083F053841F849F22FC20FC14E107E1A7083F083F45F811F3323333096CC356A584FF08CF2C44BDDCDCDCB2402040681BA84A4B4BDF96F017F1CC42D4CBCACAEAB174E9D27D3B77EEAC20BC6736E26BF0333232B64ADDCF330B31419EACDD64B42AD0E9AAAE57A3B57C3E9F89E29F4F7B5744F081B3202121E1A8C7E369422700FBC25F2DE13F8F4E00F685BF42C2DF9C4E00969135FF81EEDDBBB7A4138065BC5EEFDEE4E4E40BE90460DFB47F978CFE17D309C0BEF0EF90F0FF884E00F6857F9BC7E3B99C4E00F6857FAB84BF359D00EC0B7F8984BF2D9D00EC0BFF46BFDFDF8E4E00F685BFC8E7F35D472700FBC2BFDEEBF55E4F2700FBC2BF46C27F039D00EC0BFF2A09FF2FE804605FF857F8FDFEF67402B02FFCCB7D3EDF2FE904605FF873A53AD309C0BEF0674BC5D109C03232E54F8F8F8FEF422700CB78BDDEC57EBFFF2E3A01D817FE8F24FC77D309C0BE35FF3FA4BAD309C0BEF0BF27751F9D002CE3F3F9E6C9D4DF432700FBC23F57C29F402700FBC23F5BC29F482700FBD6FC6FCA0EA0179D00EC0BFFEB520FD109C0BEF0BF22D59B4E00F685FF6559F3F7A313807DE19F2CE14FA113806524F8137D3EDF103A01D817FEF112FEC7E80460DFB4FF39A9E17402B02FFC7F924AA513806564CAFF944CFD47D309C0BE35FF68DD01D009C0BEF08F90F03F432700FBD6FCC3F5A01F9D00EC0BFF50A9717402B08C9EE0A327FAD009C0BEF00F94F0BF482700FBC2DF5FC2FF129D00EC5BF3F7D6CB7AE904605FF87F2F358D4E00F64DFB7BE95B79D109C0BEF02749F867D109C0BEF0ABB97402B08C7E60877E70079D00EC0BFFEF64DAFF373A0158463FA4533FAC934E00F685FFB7521FD209C0327EBFFF2E99FA2FA6138065E2E3E3BBF87CBE743A01D817FE3B24FC597402B06FCDDF592A974E00F685BFA3541E9D002CE3F7FBDB4BF857D009C0BEF0DF2CE15F492700FBC27FA3D7EB5D4D2700CB48F0AF97917F3D9D00EC0BFF4F24FC9FD109C0BE697F3B09FF46BD9D9C9CDC4C6EB7494C4CBC82CE002E23E1CE96DA2C552665C2D4743A05B88CCFE77BF824A1D73AA2A33F9D025C262E2EAEE9F1913F5CF8A7D225C0BED19F511FB060F42F3A41F8E7D31DC0E5BC5E6FB7BAE1971941273A03584002BF2C24F85CD30F5814FEB890913F8E8E0076ED00F264D43F462700FBD6FEBF961D00E1071A8231A6694949C9FCFCFCFC63999999263D3D9D6AA0CAC8C830B9B9B9BBA59278A621EA68F0972D5B66028180A9AEAEA61AB876EDDA65727272F6CB8EE07E9E6D882A3AE213FCB3BE03A896994011CF3644159DEA13D0B35F12FE233CDB1055746D4A381B25FC86671B6232FC07F795999282E9A630E369A7F4B63E46B0093F5C1CFEF2BDA56643DA28B3F6A361B54A1FD36D849BF0C3A5E1FFBAF0837AC10FD6B6C205849BF0C3ADE12FCAFE4BD8F0EB36C24DF8E1D2F06F487F326CF8751BE126FC20FC14E1879BC2AF47F7C3855FB7116EC20F9786BF386F4AD8F0EB36C24DF8E1D2F0EF295D67362C19537FCA2F8FE936C24DF8E1D2F06B6D5E39B35EF8F531824DF8E1E6F0575599E2E553EB4FF9E531DD46B8093F5C187E3D836F63DEE4B06B7EDDC6597E841F6E0ABF8CE865C55966FDE2D4B0C10F967E8D7E2DB300C28F180FFF7F1AED9905107EB834FCA732DA9F6C1640D8093F6234FCA71BFC601176C20FB71CEDA7083F083F45F841F829C20FC24F117E107E8AF083F07FDBDAB97367D86D959595A6BCBC9CF003B11EFED2D252337FFEFC9A1A366C98B9E0820BCCBC79F36A3D1EDC212C5CB8D0B46BD7CEB97DCD35D73861AAA8A8D040994D9B36117E2056C2AFFF6EF3E6CDCD9D77DE19B6CE3DF75C93979767F6ECD963DE78E30DD3A64D1BB365CB16D3BA756B93969646F881580C7F6E6EAEE9D4A953CDFDFDFBF73B23FAB66DDB6A1EBBFDF6DBCDEAD5ABCD6BAFBD669A3469E204FDA69B6EAA17FE458B1699BE7DFB9E74D940F881285AF36B805BB46851531AE4F3CF3FBFE6FE8C19336ABE3674DAAFE16FD5AA9519346890F33DFAB51AFECD9B37137E2016C2AF816EDBB6AD33952F2A2A72829C9F9FEFDCEFD0A18399366D5AADAFD599416161A113FE0913269875EBD639DFA37F32ED07622CFCE79C738E69D9B265AD915FEFEB343F18FEE5CB979B1E3D7A38DBBD5E2F6B7EC00DE1BFEAAAABCCF6EDDB4D49498913E44F3FFDD4B9DFB163C79AF067646438E1BFFAEAAB6BA6FD841F88F1F06B78C355DD697FE89ABF6EF89F78E209E7A541C20FC440F8D7AE5D6B468C18610E1E3C6802818013E4E2E262E7FEA449939C97F98227F8CC9933C709FF575F7DE52C11E2E3E3CDB3CF3EEB7C4F7676B6E9DCB9B399397326E1076221FCA1B577EF5E27C87AB0AFEEB677DF7DD73936F0E0830F3A2F11EAEBFD292929CECEA16BD7AECEF75D79E59566EBD6AD841F88B5F0575555994F3EF9C419F5EB6ED3E9FD8E1D3BC27EAF9E235015E5EF1F48F841F8B9B00720FC841F20FC841F20FC841F20FC841F20FC841F20FC841F20FC841F20FC841F20FC841F20FC841F20FC841F20FC841F20FC841FD6CACCCC249C67BF2A25FC4778B621AAE4E6E696E9BBE810D0B3FAE9446F4BF88B78B621AA646565F558BA74E9BE9D3B775610D4861FF135F81919195BA5EEE7D986A8234FCC6E323215E8D454D7A6B1503E9F2F167E4EED6711C1071A504242C2518FC7D3844E00F685BF5AC27F1E9D00EC0B7F8584BF399D002C236BFE03DDBB776F492700CB78BDDEBDC9C9C917D209C0BE69FF2E19FD2FA613807DE1DF21E1FF119D00EC0BFF368FC773399D00EC0BFF56097F6B3A01D817FE12097F5B3A01D817FE8D7EBFBF1D9D00EC0B7F91CFE7BB8E4E00F6857FBDD7EBBD9E4E00F6857F8D84FF063A01D817FE5512FE5FD009C0BEF0AFF0FBFDEDE904605FF897FB7CBE5FD209C0BEF0E74A75A613807DE1CF968AA313806564CA9F1E1F1FDF854E0096F17ABD8BFD7EFF5D7402B02FFC1F49F8EFA613807D6BFE7F4875A713807DE17F4FEA3E3A0158C6E7F3CD93A9BF874E00F6857FAE843F814E00F6857FB6843F914E00F6ADF9DF941D402F3A01D817FED7A51EA213807DE17F45AA379D00EC0BFFCBB2E6EF472700FBC23F59C29F422700CB48F027FA7CBE217402B02FFCE325FC8FD109C0BE69FF7352C3E904605FF8FF24954A2700CBC894FF2999FA8FA613807D6BFED1BA03A013807DE11F21E17F864E00F6ADF987EB413F3A01D817FEA152E3E80460193DC1474FF4A113807DE11F28E17F914E00F685BFBF84FF253A01D8B7E6EFAD97F5D209C0BEF0FF5E6A1A9D00EC9BF6F7D2B7F2A213807DE14F92F0CFA213807DE15773E9046019FDC00EFDE00E3A01D817FEDFC9B4FF6F7402B08C7E48A77E58279D00EC0BFF6FA53EA4138065FC7EFF5D32F55F4C2700CBC4C7C777F1F97CE97402B02FFC7748F8B3E80460DF9ABFB3542E9D00EC0B7F47A93C3A0158C6EFF7B797F0AFA013807DE1BF59C2BF924E00F685FF46AFD7BB9A4E009691E05F2F23FF7A3A01D817FE9F48F83FA313807DD3FE7612FE8D7A3B3939B999DC6E93989878059D015C46C29D2DB559AA4CCA84A9E9740A70199FCFF7F04942AF7544477F3A05B84C5C5C5CD3E3237FB8F04FA54B807DA33FA33E60C1E85F7482F0CFA73B80CB79BDDE6E75C32F33824E7406B080047E5948F0B9A61FB028FC7121237F1C1D01ECDA01E4C9A87F8C4E00F6ADFD7F2D3B00C20F3424634CD3929292F9F9F9F9C73233334D7A7A3A751A95919161727373774B25F1AC424CD0E02F5BB6CC040201535D5D4D9D41EDDAB5CBE4E4E4EC971DC1FD3CB310F574C427F80DBA03A896994011CF2C443D9DEA13DA862D09FF119E59887ABA5E25B00D1E7EC3330BAE09FFC17D65A6A460BA29CC78DA29BDAD8F1176C20F1787BF7C6FA9D99036CAACFD6858ADD2C7741B8127FC7069F8BF2EFCA05EF083B5AD70018127FC706BF88BB2FF1236FCBA8DC0137EB834FC1BD29F0C1B7EDD46E0093F083F45F8E1A6F0EBD1FD70E1D76D049EF0C3A5E12FCE9B1236FCBA8DC0137EB834FC7B4AD7990D4BC6D49FF2CB63BA8DC0137EB834FC5A9B57CEAC177E7D8CB0137EB839FC5555A678F9D4FA537E794CB71178C20F17865FCFE0DB983739EC9A5FB771961FE1879BC22F237A59719659BF38356CF083A55FA35FCB2C80F023C6C3FF9F467B6601841F2E0DFFA98CF6279B05107EC28F180DFFE9063F58849FF0C32D47FB29C20FC24F117E107E8AF083F053841F849F22FC706FF877EEDC19765B6565A5292F2F3FA3F06CDBB6CD7CF5D5574EEDDDBBB7D6B603070ED4BEE868CF9E13FE1D1515150D1A68FD39823F93FE7C841FAE0F7F6969A9993F7F7E4D0D1B36CC5C70C10566DEBC79B51E0FEE10162E5C68DAB56BE7DCBEE69A6B9C206810E59F329B366D3AA5A0B56AD5CAF9FAF3CE3BCF141515D53CBE66CD1A73E9A5973A01D4FB252525A6458B1666FDFAF5B5BE7FC78E1DE6873FFCA1F9F2CB2FCD92254B8CC7E3A95573E7CE75BE6EF9F2E5E685175EA855F7DC734FBDDABD7BB7F9ECB3CFCCB9E79EEBFC5CFAF3117EB83EFCBABD79F3E6E6CE3BEF0C5B1A8ABCBC3C67147EE38D374C9B366DCC962D5B4CEBD6AD4D5A5ADA69877FD0A041FF3EEB506613FAB1625DBA74317DFBF6756EC7C7C79BCE9D3B3BB743671B13264C3077DC718773FBD34F3F35E3C68D736AE8D0A1E69C73CE316FBFFDB6B36DCE9C39A663C78ECEFFEFBEFBEE330F3EF8A013F63FFEF18FE6B2CB2E336FBDF596F3736CDFBEDDF9FA810307127ED813FEDCDC5CD3A953A79AFBFBF7EF7746F4D0A9EFEDB7DF6E56AF5E6D5E7BED35D3A44913272037DD7453BDF02F5AB4C809EEC9960DA1E1DFBC7973CD63BAE3D0C7DAB66D6BAEBAEAAA9AD2FB75772CD75D779DF3C19903060C70764AFA9806F8673FFB99B3F308FDB7162C58607EFCE31F3BB7756773EBADB73AB3831FFCE007CE4E2034FC3AD320FCB06ACDAF01D6E975B03400E79F7F7ECDFD193366D47C6DE8B45FC3AF41D150E9F7E8D76AF843431D2EFC175D7451ADC782E1DFB76F5FADC7F57E68F87507D4B2654B939494E4FC3DBA6C79F9E5979D80FFFCE73F7742FDCE3BEFD4CC2666CF9EED8CF21A70FD397526D1B3674FE77B9F7EFAE95AE1D7BAF0C20B093FEC09BF065A47589DCAEB1A5C03919F9FEFDCEFD0A18399366D5AADAFD599416161A1137E9D82AF5BB7CEF91EFDF354A7FDFAF79E28FC2FBDF49213F060E9FDD0F0EB4C65E4C891CE0E40B725242498ABAFBEDA3946A1DBDF7DF75D67DB7BEFBDE7ACFDF57BB5F4310DFF5D77DDE5FC79C9259798575F7DB55EF8F5E722FCB02AFCBA56D680848EFC7A5FA7F9C1F0EB01B41E3D7A38DBBD5EEF19ADF96FBBEDB67AAF00DC7DF7DD35A5210DBD1FBA0CD1113B2E2ECE7CF2C927CE01BFBFFEF5AF66F2E4C935F5D4534F395F57555565DE7FFF7D73C515579843870E9937DF7CD3D959E832460F6AEA6DADD05714F4E722FCB02AFCBABED61130B8EED503697A5F0F9805C3AFEB6C0DBF8EB4C169FFE986FFE28B2FAEF5D8F4E9D3CDCA952BCDB3CF3E6B8A8B8BCDB5D75EEBFC7BBAEDF5D75F770EE80583A70720BFF7BDEF991B6EB8C199E2EBCEA17DFBF6A659B366CE6D5D12D45DF3EBCF969D9DED2C031E7DF451E75505BDAD5556F6EFCF24D46503E18755E10F4E8F4F5475A7FDA16BFEBAE17FE289279C97064FE5805F7034D797DA74C6B162C50AE7584056569633B5F7FBFD262727C74C9932C57CFFFBDF77D6FF7A3C61D6AC5966EBD6AD4EB0837FC7871F7E682EBFFCF25AFFCEC71F7F6C121313CD77BFFB5D67873566CC18E780E08D37DEE8CC6CF4B6D6860D1BFEF5B1655F7FCD013FD815FEB56BD79A1123469883070F9A4020E00440475FBD3F69D2A49A23EA7A828FBE7CA6E1D7D7E235B0FA729C8ED6FA3D3AB2EA01B59933679E52F87547A1F7F5809D1EA9D7DB3A23D09D8DCE4034D83ABDD7BF5F8F33E831009D91F4EEDDDBF93A7DC541A7F2BAB67FFCF1C79D515B6F6B7DF1C517CE9FFAF29DF6404FE2D13FB574D9A0B381E07D3D7EA1FFB6FE1D841F5685BFEE996E1A003DD857779B1E4CD36303FA7AB91E78D3D7FB5352529C9D43D7AE5D9DEFBBF2CA2B9D51F954C2AFAFBF6BC875E4D50374BAAD4F9F3ECE481D9C75E8F4BCA0A0C07CFEF9E7CE0C43770C8F3CF288B313D0AF7FE8A187CC2DB7DC52AFEACE3EF455011DFD4F54A3468D727E0EFD79083FAC0DBF1E24D303693AEA9FE8945A3DBB2EDCF7EA390255A7F03E7F3AD358B56A9553A1EBEDD05388F5DF6AE853784F56FA73047F26FDF9083FAC0B3FC5853D20FC14E107E1A7083F083F45F841F8093F40F8093F40F8093F40F8093F40F8093F40F8093F40F8093F40F8093F40F8093F40F8093F70BA323333096CC356A584FF08CF2C44BDDCDCDC327D771E42DB30555A5AFAB684BF886716A25E5656568FA54B97EEDBB9736705E13DB3115F839F9191B155EA7E9E598809F264ED26A355814E5783EF5B176DE5F3F94CB4FE6CC74B7B5744F08106141717D7342121817534609BE4E4E46612FE4A3A0158A67BF7EE2D65DA7F804E0096F1FBFD17C9C8FF7F7402B08CC7E36925E10FD009C032494949974AF8B7D309C0BE91BFB5847F2B9D00EC5BF35F25E1FF924E0096F17ABDD74AF8BFA013807DD3FE9FFA7CBE423A01D837F2DF2023FF1A3A01D8B7E6BF59C2BF924E009691E0DF2A954F2700CBC87ABF9384FF9F7402B06FE48F93CAA6138065E2E3E3BBC8E89F4E2700FBA6FDBF91917F119D00EC0BFF3D5EAFF7033A01D8B7E6BF4FEA3D3A015846467D8F8CFEF3E80460DFB4DF2723FF1C3A01D837F23F20F99F412700FBD6FC0F49BD4E2700FBC2DF5BEA153A01D8B7E6EF2F53FF97E80460DF9A7FB0EC0026D109C0BE91FF31D9018CA713807D6BFEE152CFD109C0BEF08F94D1FF193A01D817FE27A5C6D009C0BE35FF33B2E61F412700FB46FEE774DD4F2700FB46FE0932F23F4A2700FB46FE17A406D109C0327A769F9EE5472700FB46FE57F4FC7E3A01D8B7E67F4346FF07E90460DFC83F53AA279D00EC0BFF1C7D371F3A01D837ED9FA7EFE3472700CB48F0FF2E3B807BE90460DFB47F81EC00BAD109C0BEF02FD24FEDA113807DE1CFD0CFEBA313807DE15F2A23FFAFE804605FF8FF2923FF6D7402B02FFCF952B7D209C0BEF0AFF27ABDBFA013808B793C9E4B24EC6DE4CF1621E15F2B6BFEFFA63B80BB47F9A952264CED92DA2CB52C3939B919DD025C243131F10A0977E549760046960029740A70E7E83FF924E12F63D4072C1CFD19F501979390BF7682F07FCDA80FB83FFCD74BD88FD4097F329D01ECD801FC3D24F89FC6C5C535A52B801DE1EF1012FEFBE8086011BD965FEA58E8493F005C46A7F57ADDBE847DAC5EC32F55247534F4809F6C4F97FAB3541207FF801877FC94DE2725D09B4E7672CF895EF33F7E46601BBA08C4D8482FEBFAC7FD7EFFA16F19FABA75446703CC0480D818EDAF91C0AEAD1BE4FEFDFB9B575E79C5E4E7E79BD2D2525359596994FE190804CCAA55ABCC8C1933CC9021434E7402D06A7D8990EE02514A8FE2272626EE0A0DEEB061C39C601F3D7AD49CAA356BD698D4D4D4BA3B8172DEEC1388D2E0CB34BF221856D90998050B167CABD0D7B578F1622353FE5ACB00760040944DF525F8FF173AC5DFB871A369085BB66C3103070EAC3B0360090044DAF197F1D686065FD7F00D49FFBED01D801E03E0202010F9E9FEE3A153FD861AF14F3403A8B3041847F781C84DF72F097D394FD7F867931E03085DFFEB7283DF0210017A024FE851FDC3870F9BB36DF8F0E1A13B80A9FC1680C8ACF56BCEDCD397F31AC3BA75EB6A9D09C8B50140E3AFF5BB851EE43B9397F4BEADD01381F45A007E1B40E34EF9C70603386DDA34D39866CF9E1D1AFE3FF3DB001A37FC8B8201D453761B932E3142A6FED9FC3680C60D7F7130806565658D1A7E7DDD3FF472607E1B40E386BFE67DF88217E93416FDF742CFFBE7B701346EF86BC21709841F60E427FC006B7E008D117E8EF60396869FD7F9011B49E8EE8DD4197E83070FFE8633FC8008D173FB75BDCDB9FD809D53FF71A157F535C6E85FE7BDFDB8AA0F8884E3EFCB5FCEF5FC809DA3FFD8C67A279F5EBD7A7DC33BF9005142DF4B4FDF53EF6CBF875F4A4ACA31DEC30F8832FA6EBAA1D3FF867EF7DED0E0F3EEBD4094898F8FEF12BA0368A8F7EDAF33D5E77DFB8158D801045F05D04FE0F9B62FE78D1A358A4FEC01626D09107A0C207429A0670216141438D702D4FDAC3EDD41E8997BA127F0F0597D408CD18371C75F05A83CD34FE9D5A3FA1CDC03628C9E072023F6C4D033014FB1CAF4041E9FCF771D5D0462D8F1B7F9BEF7F86C6051E8E5C02161CFD68B74F45C7D4ED90500000000000000000000008DE5FF01FDAA48DCA82A6FF50000000049454E44AE426082',1);

/*!40000 ALTER TABLE `ACT_GE_BYTEARRAY` ENABLE KEYS */;
UNLOCK TABLES;


# Dump of table ACT_GE_PROPERTY
# ------------------------------------------------------------

DROP TABLE IF EXISTS `ACT_GE_PROPERTY`;

CREATE TABLE `ACT_GE_PROPERTY` (
  `NAME_` varchar(64) COLLATE utf8_bin NOT NULL,
  `VALUE_` varchar(300) COLLATE utf8_bin DEFAULT NULL,
  `REV_` int(11) DEFAULT NULL,
  PRIMARY KEY (`NAME_`)
) ENGINE=InnoDB DEFAULT CHARSET=utf8 COLLATE=utf8_bin;

LOCK TABLES `ACT_GE_PROPERTY` WRITE;
/*!40000 ALTER TABLE `ACT_GE_PROPERTY` DISABLE KEYS */;

INSERT INTO `ACT_GE_PROPERTY` (`NAME_`, `VALUE_`, `REV_`)
VALUES
	(X'6E6578742E64626964',X'37353031',4),
	(X'736368656D612E686973746F7279',X'63726561746528352E32312E302E3029',1),
	(X'736368656D612E76657273696F6E',X'352E32312E302E30',1);

/*!40000 ALTER TABLE `ACT_GE_PROPERTY` ENABLE KEYS */;
UNLOCK TABLES;


# Dump of table ACT_HI_ACTINST
# ------------------------------------------------------------

DROP TABLE IF EXISTS `ACT_HI_ACTINST`;

CREATE TABLE `ACT_HI_ACTINST` (
  `ID_` varchar(64) COLLATE utf8_bin NOT NULL,
  `PROC_DEF_ID_` varchar(64) COLLATE utf8_bin NOT NULL,
  `PROC_INST_ID_` varchar(64) COLLATE utf8_bin NOT NULL,
  `EXECUTION_ID_` varchar(64) COLLATE utf8_bin NOT NULL,
  `ACT_ID_` varchar(255) COLLATE utf8_bin NOT NULL,
  `TASK_ID_` varchar(64) COLLATE utf8_bin DEFAULT NULL,
  `CALL_PROC_INST_ID_` varchar(64) COLLATE utf8_bin DEFAULT NULL,
  `ACT_NAME_` varchar(255) COLLATE utf8_bin DEFAULT NULL,
  `ACT_TYPE_` varchar(255) COLLATE utf8_bin NOT NULL,
  `ASSIGNEE_` varchar(255) COLLATE utf8_bin DEFAULT NULL,
  `START_TIME_` datetime(3) NOT NULL,
  `END_TIME_` datetime(3) DEFAULT NULL,
  `DURATION_` bigint(20) DEFAULT NULL,
  `TENANT_ID_` varchar(255) COLLATE utf8_bin DEFAULT '',
  PRIMARY KEY (`ID_`),
  KEY `ACT_IDX_HI_ACT_INST_START` (`START_TIME_`),
  KEY `ACT_IDX_HI_ACT_INST_END` (`END_TIME_`),
  KEY `ACT_IDX_HI_ACT_INST_PROCINST` (`PROC_INST_ID_`,`ACT_ID_`),
  KEY `ACT_IDX_HI_ACT_INST_EXEC` (`EXECUTION_ID_`,`ACT_ID_`)
) ENGINE=InnoDB DEFAULT CHARSET=utf8 COLLATE=utf8_bin;

LOCK TABLES `ACT_HI_ACTINST` WRITE;
/*!40000 ALTER TABLE `ACT_HI_ACTINST` DISABLE KEYS */;

INSERT INTO `ACT_HI_ACTINST` (`ID_`, `PROC_DEF_ID_`, `PROC_INST_ID_`, `EXECUTION_ID_`, `ACT_ID_`, `TASK_ID_`, `CALL_PROC_INST_ID_`, `ACT_NAME_`, `ACT_TYPE_`, `ASSIGNEE_`, `START_TIME_`, `END_TIME_`, `DURATION_`, `TENANT_ID_`)
VALUES
	(X'32353032',X'68656C6C6F776F726C643A313A34',X'32353031',X'32353031',X'5F32',NULL,NULL,X'53746172744576656E74',X'73746172744576656E74',NULL,'2017-11-28 20:31:46.818','2017-11-28 20:31:46.877',59,X''),
	(X'32353033',X'68656C6C6F776F726C643A313A34',X'32353031',X'32353031',X'5F34',X'32353034',NULL,X'E68F90E4BAA4E794B3E8AFB7',X'757365725461736B',X'E5BCA0E4B889','2017-11-28 20:31:46.881','2017-11-28 21:45:56.775',4449894,X''),
	(X'35303031',X'68656C6C6F776F726C643A313A34',X'32353031',X'32353031',X'5F35',X'35303032',NULL,X'E5AEA1E689B9E38090E983A8E997A8E7BB8FE79086E38091',X'757365725461736B',X'E69D8EE59B9B','2017-11-28 21:45:56.822',NULL,NULL,X'');

/*!40000 ALTER TABLE `ACT_HI_ACTINST` ENABLE KEYS */;
UNLOCK TABLES;


# Dump of table ACT_HI_ATTACHMENT
# ------------------------------------------------------------

DROP TABLE IF EXISTS `ACT_HI_ATTACHMENT`;

CREATE TABLE `ACT_HI_ATTACHMENT` (
  `ID_` varchar(64) COLLATE utf8_bin NOT NULL,
  `REV_` int(11) DEFAULT NULL,
  `USER_ID_` varchar(255) COLLATE utf8_bin DEFAULT NULL,
  `NAME_` varchar(255) COLLATE utf8_bin DEFAULT NULL,
  `DESCRIPTION_` varchar(4000) COLLATE utf8_bin DEFAULT NULL,
  `TYPE_` varchar(255) COLLATE utf8_bin DEFAULT NULL,
  `TASK_ID_` varchar(64) COLLATE utf8_bin DEFAULT NULL,
  `PROC_INST_ID_` varchar(64) COLLATE utf8_bin DEFAULT NULL,
  `URL_` varchar(4000) COLLATE utf8_bin DEFAULT NULL,
  `CONTENT_ID_` varchar(64) COLLATE utf8_bin DEFAULT NULL,
  `TIME_` datetime(3) DEFAULT NULL,
  PRIMARY KEY (`ID_`)
) ENGINE=InnoDB DEFAULT CHARSET=utf8 COLLATE=utf8_bin;



# Dump of table ACT_HI_COMMENT
# ------------------------------------------------------------

DROP TABLE IF EXISTS `ACT_HI_COMMENT`;

CREATE TABLE `ACT_HI_COMMENT` (
  `ID_` varchar(64) COLLATE utf8_bin NOT NULL,
  `TYPE_` varchar(255) COLLATE utf8_bin DEFAULT NULL,
  `TIME_` datetime(3) NOT NULL,
  `USER_ID_` varchar(255) COLLATE utf8_bin DEFAULT NULL,
  `TASK_ID_` varchar(64) COLLATE utf8_bin DEFAULT NULL,
  `PROC_INST_ID_` varchar(64) COLLATE utf8_bin DEFAULT NULL,
  `ACTION_` varchar(255) COLLATE utf8_bin DEFAULT NULL,
  `MESSAGE_` varchar(4000) COLLATE utf8_bin DEFAULT NULL,
  `FULL_MSG_` longblob,
  PRIMARY KEY (`ID_`)
) ENGINE=InnoDB DEFAULT CHARSET=utf8 COLLATE=utf8_bin;



# Dump of table ACT_HI_DETAIL
# ------------------------------------------------------------

DROP TABLE IF EXISTS `ACT_HI_DETAIL`;

CREATE TABLE `ACT_HI_DETAIL` (
  `ID_` varchar(64) COLLATE utf8_bin NOT NULL,
  `TYPE_` varchar(255) COLLATE utf8_bin NOT NULL,
  `PROC_INST_ID_` varchar(64) COLLATE utf8_bin DEFAULT NULL,
  `EXECUTION_ID_` varchar(64) COLLATE utf8_bin DEFAULT NULL,
  `TASK_ID_` varchar(64) COLLATE utf8_bin DEFAULT NULL,
  `ACT_INST_ID_` varchar(64) COLLATE utf8_bin DEFAULT NULL,
  `NAME_` varchar(255) COLLATE utf8_bin NOT NULL,
  `VAR_TYPE_` varchar(255) COLLATE utf8_bin DEFAULT NULL,
  `REV_` int(11) DEFAULT NULL,
  `TIME_` datetime(3) NOT NULL,
  `BYTEARRAY_ID_` varchar(64) COLLATE utf8_bin DEFAULT NULL,
  `DOUBLE_` double DEFAULT NULL,
  `LONG_` bigint(20) DEFAULT NULL,
  `TEXT_` varchar(4000) COLLATE utf8_bin DEFAULT NULL,
  `TEXT2_` varchar(4000) COLLATE utf8_bin DEFAULT NULL,
  PRIMARY KEY (`ID_`),
  KEY `ACT_IDX_HI_DETAIL_PROC_INST` (`PROC_INST_ID_`),
  KEY `ACT_IDX_HI_DETAIL_ACT_INST` (`ACT_INST_ID_`),
  KEY `ACT_IDX_HI_DETAIL_TIME` (`TIME_`),
  KEY `ACT_IDX_HI_DETAIL_NAME` (`NAME_`),
  KEY `ACT_IDX_HI_DETAIL_TASK_ID` (`TASK_ID_`)
) ENGINE=InnoDB DEFAULT CHARSET=utf8 COLLATE=utf8_bin;



# Dump of table ACT_HI_IDENTITYLINK
# ------------------------------------------------------------

DROP TABLE IF EXISTS `ACT_HI_IDENTITYLINK`;

CREATE TABLE `ACT_HI_IDENTITYLINK` (
  `ID_` varchar(64) COLLATE utf8_bin NOT NULL,
  `GROUP_ID_` varchar(255) COLLATE utf8_bin DEFAULT NULL,
  `TYPE_` varchar(255) COLLATE utf8_bin DEFAULT NULL,
  `USER_ID_` varchar(255) COLLATE utf8_bin DEFAULT NULL,
  `TASK_ID_` varchar(64) COLLATE utf8_bin DEFAULT NULL,
  `PROC_INST_ID_` varchar(64) COLLATE utf8_bin DEFAULT NULL,
  PRIMARY KEY (`ID_`),
  KEY `ACT_IDX_HI_IDENT_LNK_USER` (`USER_ID_`),
  KEY `ACT_IDX_HI_IDENT_LNK_TASK` (`TASK_ID_`),
  KEY `ACT_IDX_HI_IDENT_LNK_PROCINST` (`PROC_INST_ID_`)
) ENGINE=InnoDB DEFAULT CHARSET=utf8 COLLATE=utf8_bin;

LOCK TABLES `ACT_HI_IDENTITYLINK` WRITE;
/*!40000 ALTER TABLE `ACT_HI_IDENTITYLINK` DISABLE KEYS */;

INSERT INTO `ACT_HI_IDENTITYLINK` (`ID_`, `GROUP_ID_`, `TYPE_`, `USER_ID_`, `TASK_ID_`, `PROC_INST_ID_`)
VALUES
	(X'32353035',NULL,X'7061727469636970616E74',X'E5BCA0E4B889',NULL,X'32353031'),
	(X'35303033',NULL,X'7061727469636970616E74',X'E69D8EE59B9B',NULL,X'32353031');

/*!40000 ALTER TABLE `ACT_HI_IDENTITYLINK` ENABLE KEYS */;
UNLOCK TABLES;


# Dump of table ACT_HI_PROCINST
# ------------------------------------------------------------

DROP TABLE IF EXISTS `ACT_HI_PROCINST`;

CREATE TABLE `ACT_HI_PROCINST` (
  `ID_` varchar(64) COLLATE utf8_bin NOT NULL,
  `PROC_INST_ID_` varchar(64) COLLATE utf8_bin NOT NULL,
  `BUSINESS_KEY_` varchar(255) COLLATE utf8_bin DEFAULT NULL,
  `PROC_DEF_ID_` varchar(64) COLLATE utf8_bin NOT NULL,
  `START_TIME_` datetime(3) NOT NULL,
  `END_TIME_` datetime(3) DEFAULT NULL,
  `DURATION_` bigint(20) DEFAULT NULL,
  `START_USER_ID_` varchar(255) COLLATE utf8_bin DEFAULT NULL,
  `START_ACT_ID_` varchar(255) COLLATE utf8_bin DEFAULT NULL,
  `END_ACT_ID_` varchar(255) COLLATE utf8_bin DEFAULT NULL,
  `SUPER_PROCESS_INSTANCE_ID_` varchar(64) COLLATE utf8_bin DEFAULT NULL,
  `DELETE_REASON_` varchar(4000) COLLATE utf8_bin DEFAULT NULL,
  `TENANT_ID_` varchar(255) COLLATE utf8_bin DEFAULT '',
  `NAME_` varchar(255) COLLATE utf8_bin DEFAULT NULL,
  PRIMARY KEY (`ID_`),
  UNIQUE KEY `PROC_INST_ID_` (`PROC_INST_ID_`),
  KEY `ACT_IDX_HI_PRO_INST_END` (`END_TIME_`),
  KEY `ACT_IDX_HI_PRO_I_BUSKEY` (`BUSINESS_KEY_`)
) ENGINE=InnoDB DEFAULT CHARSET=utf8 COLLATE=utf8_bin;

LOCK TABLES `ACT_HI_PROCINST` WRITE;
/*!40000 ALTER TABLE `ACT_HI_PROCINST` DISABLE KEYS */;

INSERT INTO `ACT_HI_PROCINST` (`ID_`, `PROC_INST_ID_`, `BUSINESS_KEY_`, `PROC_DEF_ID_`, `START_TIME_`, `END_TIME_`, `DURATION_`, `START_USER_ID_`, `START_ACT_ID_`, `END_ACT_ID_`, `SUPER_PROCESS_INSTANCE_ID_`, `DELETE_REASON_`, `TENANT_ID_`, `NAME_`)
VALUES
	(X'32353031',X'32353031',NULL,X'68656C6C6F776F726C643A313A34','2017-11-28 20:31:46.818',NULL,NULL,NULL,X'5F32',NULL,NULL,NULL,X'',NULL);

/*!40000 ALTER TABLE `ACT_HI_PROCINST` ENABLE KEYS */;
UNLOCK TABLES;


# Dump of table ACT_HI_TASKINST
# ------------------------------------------------------------

DROP TABLE IF EXISTS `ACT_HI_TASKINST`;

CREATE TABLE `ACT_HI_TASKINST` (
  `ID_` varchar(64) COLLATE utf8_bin NOT NULL,
  `PROC_DEF_ID_` varchar(64) COLLATE utf8_bin DEFAULT NULL,
  `TASK_DEF_KEY_` varchar(255) COLLATE utf8_bin DEFAULT NULL,
  `PROC_INST_ID_` varchar(64) COLLATE utf8_bin DEFAULT NULL,
  `EXECUTION_ID_` varchar(64) COLLATE utf8_bin DEFAULT NULL,
  `NAME_` varchar(255) COLLATE utf8_bin DEFAULT NULL,
  `PARENT_TASK_ID_` varchar(64) COLLATE utf8_bin DEFAULT NULL,
  `DESCRIPTION_` varchar(4000) COLLATE utf8_bin DEFAULT NULL,
  `OWNER_` varchar(255) COLLATE utf8_bin DEFAULT NULL,
  `ASSIGNEE_` varchar(255) COLLATE utf8_bin DEFAULT NULL,
  `START_TIME_` datetime(3) NOT NULL,
  `CLAIM_TIME_` datetime(3) DEFAULT NULL,
  `END_TIME_` datetime(3) DEFAULT NULL,
  `DURATION_` bigint(20) DEFAULT NULL,
  `DELETE_REASON_` varchar(4000) COLLATE utf8_bin DEFAULT NULL,
  `PRIORITY_` int(11) DEFAULT NULL,
  `DUE_DATE_` datetime(3) DEFAULT NULL,
  `FORM_KEY_` varchar(255) COLLATE utf8_bin DEFAULT NULL,
  `CATEGORY_` varchar(255) COLLATE utf8_bin DEFAULT NULL,
  `TENANT_ID_` varchar(255) COLLATE utf8_bin DEFAULT '',
  PRIMARY KEY (`ID_`),
  KEY `ACT_IDX_HI_TASK_INST_PROCINST` (`PROC_INST_ID_`)
) ENGINE=InnoDB DEFAULT CHARSET=utf8 COLLATE=utf8_bin;

LOCK TABLES `ACT_HI_TASKINST` WRITE;
/*!40000 ALTER TABLE `ACT_HI_TASKINST` DISABLE KEYS */;

INSERT INTO `ACT_HI_TASKINST` (`ID_`, `PROC_DEF_ID_`, `TASK_DEF_KEY_`, `PROC_INST_ID_`, `EXECUTION_ID_`, `NAME_`, `PARENT_TASK_ID_`, `DESCRIPTION_`, `OWNER_`, `ASSIGNEE_`, `START_TIME_`, `CLAIM_TIME_`, `END_TIME_`, `DURATION_`, `DELETE_REASON_`, `PRIORITY_`, `DUE_DATE_`, `FORM_KEY_`, `CATEGORY_`, `TENANT_ID_`)
VALUES
	(X'32353034',X'68656C6C6F776F726C643A313A34',X'5F34',X'32353031',X'32353031',X'E68F90E4BAA4E794B3E8AFB7',NULL,NULL,NULL,X'E5BCA0E4B889','2017-11-28 20:31:46.910',NULL,'2017-11-28 21:45:56.561',4449651,X'636F6D706C65746564',50,NULL,NULL,NULL,X''),
	(X'35303032',X'68656C6C6F776F726C643A313A34',X'5F35',X'32353031',X'32353031',X'E5AEA1E689B9E38090E983A8E997A8E7BB8FE79086E38091',NULL,NULL,NULL,X'E69D8EE59B9B','2017-11-28 21:45:56.824',NULL,NULL,NULL,NULL,50,NULL,NULL,NULL,X'');

/*!40000 ALTER TABLE `ACT_HI_TASKINST` ENABLE KEYS */;
UNLOCK TABLES;


# Dump of table ACT_HI_VARINST
# ------------------------------------------------------------

DROP TABLE IF EXISTS `ACT_HI_VARINST`;

CREATE TABLE `ACT_HI_VARINST` (
  `ID_` varchar(64) COLLATE utf8_bin NOT NULL,
  `PROC_INST_ID_` varchar(64) COLLATE utf8_bin DEFAULT NULL,
  `EXECUTION_ID_` varchar(64) COLLATE utf8_bin DEFAULT NULL,
  `TASK_ID_` varchar(64) COLLATE utf8_bin DEFAULT NULL,
  `NAME_` varchar(255) COLLATE utf8_bin NOT NULL,
  `VAR_TYPE_` varchar(100) COLLATE utf8_bin DEFAULT NULL,
  `REV_` int(11) DEFAULT NULL,
  `BYTEARRAY_ID_` varchar(64) COLLATE utf8_bin DEFAULT NULL,
  `DOUBLE_` double DEFAULT NULL,
  `LONG_` bigint(20) DEFAULT NULL,
  `TEXT_` varchar(4000) COLLATE utf8_bin DEFAULT NULL,
  `TEXT2_` varchar(4000) COLLATE utf8_bin DEFAULT NULL,
  `CREATE_TIME_` datetime(3) DEFAULT NULL,
  `LAST_UPDATED_TIME_` datetime(3) DEFAULT NULL,
  PRIMARY KEY (`ID_`),
  KEY `ACT_IDX_HI_PROCVAR_PROC_INST` (`PROC_INST_ID_`),
  KEY `ACT_IDX_HI_PROCVAR_NAME_TYPE` (`NAME_`,`VAR_TYPE_`),
  KEY `ACT_IDX_HI_PROCVAR_TASK_ID` (`TASK_ID_`)
) ENGINE=InnoDB DEFAULT CHARSET=utf8 COLLATE=utf8_bin;



# Dump of table ACT_ID_GROUP
# ------------------------------------------------------------

DROP TABLE IF EXISTS `ACT_ID_GROUP`;

CREATE TABLE `ACT_ID_GROUP` (
  `ID_` varchar(64) COLLATE utf8_bin NOT NULL,
  `REV_` int(11) DEFAULT NULL,
  `NAME_` varchar(255) COLLATE utf8_bin DEFAULT NULL,
  `TYPE_` varchar(255) COLLATE utf8_bin DEFAULT NULL,
  PRIMARY KEY (`ID_`)
) ENGINE=InnoDB DEFAULT CHARSET=utf8 COLLATE=utf8_bin;



# Dump of table ACT_ID_INFO
# ------------------------------------------------------------

DROP TABLE IF EXISTS `ACT_ID_INFO`;

CREATE TABLE `ACT_ID_INFO` (
  `ID_` varchar(64) COLLATE utf8_bin NOT NULL,
  `REV_` int(11) DEFAULT NULL,
  `USER_ID_` varchar(64) COLLATE utf8_bin DEFAULT NULL,
  `TYPE_` varchar(64) COLLATE utf8_bin DEFAULT NULL,
  `KEY_` varchar(255) COLLATE utf8_bin DEFAULT NULL,
  `VALUE_` varchar(255) COLLATE utf8_bin DEFAULT NULL,
  `PASSWORD_` longblob,
  `PARENT_ID_` varchar(255) COLLATE utf8_bin DEFAULT NULL,
  PRIMARY KEY (`ID_`)
) ENGINE=InnoDB DEFAULT CHARSET=utf8 COLLATE=utf8_bin;



# Dump of table ACT_ID_MEMBERSHIP
# ------------------------------------------------------------

DROP TABLE IF EXISTS `ACT_ID_MEMBERSHIP`;

CREATE TABLE `ACT_ID_MEMBERSHIP` (
  `USER_ID_` varchar(64) COLLATE utf8_bin NOT NULL,
  `GROUP_ID_` varchar(64) COLLATE utf8_bin NOT NULL,
  PRIMARY KEY (`USER_ID_`,`GROUP_ID_`),
  KEY `ACT_FK_MEMB_GROUP` (`GROUP_ID_`),
  CONSTRAINT `ACT_FK_MEMB_GROUP` FOREIGN KEY (`GROUP_ID_`) REFERENCES `ACT_ID_GROUP` (`ID_`),
  CONSTRAINT `ACT_FK_MEMB_USER` FOREIGN KEY (`USER_ID_`) REFERENCES `ACT_ID_USER` (`ID_`)
) ENGINE=InnoDB DEFAULT CHARSET=utf8 COLLATE=utf8_bin;



# Dump of table ACT_ID_USER
# ------------------------------------------------------------

DROP TABLE IF EXISTS `ACT_ID_USER`;

CREATE TABLE `ACT_ID_USER` (
  `ID_` varchar(64) COLLATE utf8_bin NOT NULL,
  `REV_` int(11) DEFAULT NULL,
  `FIRST_` varchar(255) COLLATE utf8_bin DEFAULT NULL,
  `LAST_` varchar(255) COLLATE utf8_bin DEFAULT NULL,
  `EMAIL_` varchar(255) COLLATE utf8_bin DEFAULT NULL,
  `PWD_` varchar(255) COLLATE utf8_bin DEFAULT NULL,
  `PICTURE_ID_` varchar(64) COLLATE utf8_bin DEFAULT NULL,
  PRIMARY KEY (`ID_`)
) ENGINE=InnoDB DEFAULT CHARSET=utf8 COLLATE=utf8_bin;



# Dump of table ACT_PROCDEF_INFO
# ------------------------------------------------------------

DROP TABLE IF EXISTS `ACT_PROCDEF_INFO`;

CREATE TABLE `ACT_PROCDEF_INFO` (
  `ID_` varchar(64) COLLATE utf8_bin NOT NULL,
  `PROC_DEF_ID_` varchar(64) COLLATE utf8_bin NOT NULL,
  `REV_` int(11) DEFAULT NULL,
  `INFO_JSON_ID_` varchar(64) COLLATE utf8_bin DEFAULT NULL,
  PRIMARY KEY (`ID_`),
  UNIQUE KEY `ACT_UNIQ_INFO_PROCDEF` (`PROC_DEF_ID_`),
  KEY `ACT_IDX_INFO_PROCDEF` (`PROC_DEF_ID_`),
  KEY `ACT_FK_INFO_JSON_BA` (`INFO_JSON_ID_`),
  CONSTRAINT `ACT_FK_INFO_JSON_BA` FOREIGN KEY (`INFO_JSON_ID_`) REFERENCES `ACT_GE_BYTEARRAY` (`ID_`),
  CONSTRAINT `ACT_FK_INFO_PROCDEF` FOREIGN KEY (`PROC_DEF_ID_`) REFERENCES `ACT_RE_PROCDEF` (`ID_`)
) ENGINE=InnoDB DEFAULT CHARSET=utf8 COLLATE=utf8_bin;



# Dump of table ACT_RE_DEPLOYMENT
# ------------------------------------------------------------

DROP TABLE IF EXISTS `ACT_RE_DEPLOYMENT`;

CREATE TABLE `ACT_RE_DEPLOYMENT` (
  `ID_` varchar(64) COLLATE utf8_bin NOT NULL,
  `NAME_` varchar(255) COLLATE utf8_bin DEFAULT NULL,
  `CATEGORY_` varchar(255) COLLATE utf8_bin DEFAULT NULL,
  `TENANT_ID_` varchar(255) COLLATE utf8_bin DEFAULT '',
  `DEPLOY_TIME_` timestamp(3) NULL DEFAULT NULL,
  PRIMARY KEY (`ID_`)
) ENGINE=InnoDB DEFAULT CHARSET=utf8 COLLATE=utf8_bin;

LOCK TABLES `ACT_RE_DEPLOYMENT` WRITE;
/*!40000 ALTER TABLE `ACT_RE_DEPLOYMENT` DISABLE KEYS */;

INSERT INTO `ACT_RE_DEPLOYMENT` (`ID_`, `NAME_`, `CATEGORY_`, `TENANT_ID_`, `DEPLOY_TIME_`)
VALUES
	(X'31',X'68656C6C6F',NULL,X'','2017-11-28 20:20:44.467');

/*!40000 ALTER TABLE `ACT_RE_DEPLOYMENT` ENABLE KEYS */;
UNLOCK TABLES;


# Dump of table ACT_RE_MODEL
# ------------------------------------------------------------

DROP TABLE IF EXISTS `ACT_RE_MODEL`;

CREATE TABLE `ACT_RE_MODEL` (
  `ID_` varchar(64) COLLATE utf8_bin NOT NULL,
  `REV_` int(11) DEFAULT NULL,
  `NAME_` varchar(255) COLLATE utf8_bin DEFAULT NULL,
  `KEY_` varchar(255) COLLATE utf8_bin DEFAULT NULL,
  `CATEGORY_` varchar(255) COLLATE utf8_bin DEFAULT NULL,
  `CREATE_TIME_` timestamp(3) NULL DEFAULT NULL,
  `LAST_UPDATE_TIME_` timestamp(3) NULL DEFAULT NULL,
  `VERSION_` int(11) DEFAULT NULL,
  `META_INFO_` varchar(4000) COLLATE utf8_bin DEFAULT NULL,
  `DEPLOYMENT_ID_` varchar(64) COLLATE utf8_bin DEFAULT NULL,
  `EDITOR_SOURCE_VALUE_ID_` varchar(64) COLLATE utf8_bin DEFAULT NULL,
  `EDITOR_SOURCE_EXTRA_VALUE_ID_` varchar(64) COLLATE utf8_bin DEFAULT NULL,
  `TENANT_ID_` varchar(255) COLLATE utf8_bin DEFAULT '',
  PRIMARY KEY (`ID_`),
  KEY `ACT_FK_MODEL_SOURCE` (`EDITOR_SOURCE_VALUE_ID_`),
  KEY `ACT_FK_MODEL_SOURCE_EXTRA` (`EDITOR_SOURCE_EXTRA_VALUE_ID_`),
  KEY `ACT_FK_MODEL_DEPLOYMENT` (`DEPLOYMENT_ID_`),
  CONSTRAINT `ACT_FK_MODEL_DEPLOYMENT` FOREIGN KEY (`DEPLOYMENT_ID_`) REFERENCES `ACT_RE_DEPLOYMENT` (`ID_`),
  CONSTRAINT `ACT_FK_MODEL_SOURCE` FOREIGN KEY (`EDITOR_SOURCE_VALUE_ID_`) REFERENCES `ACT_GE_BYTEARRAY` (`ID_`),
  CONSTRAINT `ACT_FK_MODEL_SOURCE_EXTRA` FOREIGN KEY (`EDITOR_SOURCE_EXTRA_VALUE_ID_`) REFERENCES `ACT_GE_BYTEARRAY` (`ID_`)
) ENGINE=InnoDB DEFAULT CHARSET=utf8 COLLATE=utf8_bin;



# Dump of table ACT_RE_PROCDEF
# ------------------------------------------------------------

DROP TABLE IF EXISTS `ACT_RE_PROCDEF`;

CREATE TABLE `ACT_RE_PROCDEF` (
  `ID_` varchar(64) COLLATE utf8_bin NOT NULL,
  `REV_` int(11) DEFAULT NULL,
  `CATEGORY_` varchar(255) COLLATE utf8_bin DEFAULT NULL,
  `NAME_` varchar(255) COLLATE utf8_bin DEFAULT NULL,
  `KEY_` varchar(255) COLLATE utf8_bin NOT NULL,
  `VERSION_` int(11) NOT NULL,
  `DEPLOYMENT_ID_` varchar(64) COLLATE utf8_bin DEFAULT NULL,
  `RESOURCE_NAME_` varchar(4000) COLLATE utf8_bin DEFAULT NULL,
  `DGRM_RESOURCE_NAME_` varchar(4000) COLLATE utf8_bin DEFAULT NULL,
  `DESCRIPTION_` varchar(4000) COLLATE utf8_bin DEFAULT NULL,
  `HAS_START_FORM_KEY_` tinyint(4) DEFAULT NULL,
  `HAS_GRAPHICAL_NOTATION_` tinyint(4) DEFAULT NULL,
  `SUSPENSION_STATE_` int(11) DEFAULT NULL,
  `TENANT_ID_` varchar(255) COLLATE utf8_bin DEFAULT '',
  PRIMARY KEY (`ID_`),
  UNIQUE KEY `ACT_UNIQ_PROCDEF` (`KEY_`,`VERSION_`,`TENANT_ID_`)
) ENGINE=InnoDB DEFAULT CHARSET=utf8 COLLATE=utf8_bin;

LOCK TABLES `ACT_RE_PROCDEF` WRITE;
/*!40000 ALTER TABLE `ACT_RE_PROCDEF` DISABLE KEYS */;

INSERT INTO `ACT_RE_PROCDEF` (`ID_`, `REV_`, `CATEGORY_`, `NAME_`, `KEY_`, `VERSION_`, `DEPLOYMENT_ID_`, `RESOURCE_NAME_`, `DGRM_RESOURCE_NAME_`, `DESCRIPTION_`, `HAS_START_FORM_KEY_`, `HAS_GRAPHICAL_NOTATION_`, `SUSPENSION_STATE_`, `TENANT_ID_`)
VALUES
	(X'68656C6C6F776F726C643A313A34',1,X'687474703A2F2F7777772E61637469766974692E6F72672F746573746D31353131383639363338343530',X'68656C6C6F776F726C6450726F63657373',X'68656C6C6F776F726C64',1,X'31',X'6C656176652E62706D6E',X'6C656176652E68656C6C6F776F726C642E706E67',NULL,0,1,1,X'');

/*!40000 ALTER TABLE `ACT_RE_PROCDEF` ENABLE KEYS */;
UNLOCK TABLES;


# Dump of table ACT_RU_EVENT_SUBSCR
# ------------------------------------------------------------

DROP TABLE IF EXISTS `ACT_RU_EVENT_SUBSCR`;

CREATE TABLE `ACT_RU_EVENT_SUBSCR` (
  `ID_` varchar(64) COLLATE utf8_bin NOT NULL,
  `REV_` int(11) DEFAULT NULL,
  `EVENT_TYPE_` varchar(255) COLLATE utf8_bin NOT NULL,
  `EVENT_NAME_` varchar(255) COLLATE utf8_bin DEFAULT NULL,
  `EXECUTION_ID_` varchar(64) COLLATE utf8_bin DEFAULT NULL,
  `PROC_INST_ID_` varchar(64) COLLATE utf8_bin DEFAULT NULL,
  `ACTIVITY_ID_` varchar(64) COLLATE utf8_bin DEFAULT NULL,
  `CONFIGURATION_` varchar(255) COLLATE utf8_bin DEFAULT NULL,
  `CREATED_` timestamp(3) NOT NULL DEFAULT CURRENT_TIMESTAMP(3),
  `PROC_DEF_ID_` varchar(64) COLLATE utf8_bin DEFAULT NULL,
  `TENANT_ID_` varchar(255) COLLATE utf8_bin DEFAULT '',
  PRIMARY KEY (`ID_`),
  KEY `ACT_IDX_EVENT_SUBSCR_CONFIG_` (`CONFIGURATION_`),
  KEY `ACT_FK_EVENT_EXEC` (`EXECUTION_ID_`),
  CONSTRAINT `ACT_FK_EVENT_EXEC` FOREIGN KEY (`EXECUTION_ID_`) REFERENCES `ACT_RU_EXECUTION` (`ID_`)
) ENGINE=InnoDB DEFAULT CHARSET=utf8 COLLATE=utf8_bin;



# Dump of table ACT_RU_EXECUTION
# ------------------------------------------------------------

DROP TABLE IF EXISTS `ACT_RU_EXECUTION`;

CREATE TABLE `ACT_RU_EXECUTION` (
  `ID_` varchar(64) COLLATE utf8_bin NOT NULL,
  `REV_` int(11) DEFAULT NULL,
  `PROC_INST_ID_` varchar(64) COLLATE utf8_bin DEFAULT NULL,
  `BUSINESS_KEY_` varchar(255) COLLATE utf8_bin DEFAULT NULL,
  `PARENT_ID_` varchar(64) COLLATE utf8_bin DEFAULT NULL,
  `PROC_DEF_ID_` varchar(64) COLLATE utf8_bin DEFAULT NULL,
  `SUPER_EXEC_` varchar(64) COLLATE utf8_bin DEFAULT NULL,
  `ACT_ID_` varchar(255) COLLATE utf8_bin DEFAULT NULL,
  `IS_ACTIVE_` tinyint(4) DEFAULT NULL,
  `IS_CONCURRENT_` tinyint(4) DEFAULT NULL,
  `IS_SCOPE_` tinyint(4) DEFAULT NULL,
  `IS_EVENT_SCOPE_` tinyint(4) DEFAULT NULL,
  `SUSPENSION_STATE_` int(11) DEFAULT NULL,
  `CACHED_ENT_STATE_` int(11) DEFAULT NULL,
  `TENANT_ID_` varchar(255) COLLATE utf8_bin DEFAULT '',
  `NAME_` varchar(255) COLLATE utf8_bin DEFAULT NULL,
  `LOCK_TIME_` timestamp(3) NULL DEFAULT NULL,
  PRIMARY KEY (`ID_`),
  KEY `ACT_IDX_EXEC_BUSKEY` (`BUSINESS_KEY_`),
  KEY `ACT_FK_EXE_PROCINST` (`PROC_INST_ID_`),
  KEY `ACT_FK_EXE_PARENT` (`PARENT_ID_`),
  KEY `ACT_FK_EXE_SUPER` (`SUPER_EXEC_`),
  KEY `ACT_FK_EXE_PROCDEF` (`PROC_DEF_ID_`),
  CONSTRAINT `ACT_FK_EXE_PARENT` FOREIGN KEY (`PARENT_ID_`) REFERENCES `ACT_RU_EXECUTION` (`ID_`),
  CONSTRAINT `ACT_FK_EXE_PROCDEF` FOREIGN KEY (`PROC_DEF_ID_`) REFERENCES `ACT_RE_PROCDEF` (`ID_`),
  CONSTRAINT `ACT_FK_EXE_PROCINST` FOREIGN KEY (`PROC_INST_ID_`) REFERENCES `ACT_RU_EXECUTION` (`ID_`) ON DELETE CASCADE ON UPDATE CASCADE,
  CONSTRAINT `ACT_FK_EXE_SUPER` FOREIGN KEY (`SUPER_EXEC_`) REFERENCES `ACT_RU_EXECUTION` (`ID_`)
) ENGINE=InnoDB DEFAULT CHARSET=utf8 COLLATE=utf8_bin;

LOCK TABLES `ACT_RU_EXECUTION` WRITE;
/*!40000 ALTER TABLE `ACT_RU_EXECUTION` DISABLE KEYS */;

INSERT INTO `ACT_RU_EXECUTION` (`ID_`, `REV_`, `PROC_INST_ID_`, `BUSINESS_KEY_`, `PARENT_ID_`, `PROC_DEF_ID_`, `SUPER_EXEC_`, `ACT_ID_`, `IS_ACTIVE_`, `IS_CONCURRENT_`, `IS_SCOPE_`, `IS_EVENT_SCOPE_`, `SUSPENSION_STATE_`, `CACHED_ENT_STATE_`, `TENANT_ID_`, `NAME_`, `LOCK_TIME_`)
VALUES
	(X'32353031',2,X'32353031',NULL,NULL,X'68656C6C6F776F726C643A313A34',NULL,X'5F35',1,0,1,0,1,2,X'',NULL,NULL);

/*!40000 ALTER TABLE `ACT_RU_EXECUTION` ENABLE KEYS */;
UNLOCK TABLES;


# Dump of table ACT_RU_IDENTITYLINK
# ------------------------------------------------------------

DROP TABLE IF EXISTS `ACT_RU_IDENTITYLINK`;

CREATE TABLE `ACT_RU_IDENTITYLINK` (
  `ID_` varchar(64) COLLATE utf8_bin NOT NULL,
  `REV_` int(11) DEFAULT NULL,
  `GROUP_ID_` varchar(255) COLLATE utf8_bin DEFAULT NULL,
  `TYPE_` varchar(255) COLLATE utf8_bin DEFAULT NULL,
  `USER_ID_` varchar(255) COLLATE utf8_bin DEFAULT NULL,
  `TASK_ID_` varchar(64) COLLATE utf8_bin DEFAULT NULL,
  `PROC_INST_ID_` varchar(64) COLLATE utf8_bin DEFAULT NULL,
  `PROC_DEF_ID_` varchar(64) COLLATE utf8_bin DEFAULT NULL,
  PRIMARY KEY (`ID_`),
  KEY `ACT_IDX_IDENT_LNK_USER` (`USER_ID_`),
  KEY `ACT_IDX_IDENT_LNK_GROUP` (`GROUP_ID_`),
  KEY `ACT_IDX_ATHRZ_PROCEDEF` (`PROC_DEF_ID_`),
  KEY `ACT_FK_TSKASS_TASK` (`TASK_ID_`),
  KEY `ACT_FK_IDL_PROCINST` (`PROC_INST_ID_`),
  CONSTRAINT `ACT_FK_ATHRZ_PROCEDEF` FOREIGN KEY (`PROC_DEF_ID_`) REFERENCES `ACT_RE_PROCDEF` (`ID_`),
  CONSTRAINT `ACT_FK_IDL_PROCINST` FOREIGN KEY (`PROC_INST_ID_`) REFERENCES `ACT_RU_EXECUTION` (`ID_`),
  CONSTRAINT `ACT_FK_TSKASS_TASK` FOREIGN KEY (`TASK_ID_`) REFERENCES `ACT_RU_TASK` (`ID_`)
) ENGINE=InnoDB DEFAULT CHARSET=utf8 COLLATE=utf8_bin;

LOCK TABLES `ACT_RU_IDENTITYLINK` WRITE;
/*!40000 ALTER TABLE `ACT_RU_IDENTITYLINK` DISABLE KEYS */;

INSERT INTO `ACT_RU_IDENTITYLINK` (`ID_`, `REV_`, `GROUP_ID_`, `TYPE_`, `USER_ID_`, `TASK_ID_`, `PROC_INST_ID_`, `PROC_DEF_ID_`)
VALUES
	(X'32353035',1,NULL,X'7061727469636970616E74',X'E5BCA0E4B889',NULL,X'32353031',NULL),
	(X'35303033',1,NULL,X'7061727469636970616E74',X'E69D8EE59B9B',NULL,X'32353031',NULL);

/*!40000 ALTER TABLE `ACT_RU_IDENTITYLINK` ENABLE KEYS */;
UNLOCK TABLES;


# Dump of table ACT_RU_JOB
# ------------------------------------------------------------

DROP TABLE IF EXISTS `ACT_RU_JOB`;

CREATE TABLE `ACT_RU_JOB` (
  `ID_` varchar(64) COLLATE utf8_bin NOT NULL,
  `REV_` int(11) DEFAULT NULL,
  `TYPE_` varchar(255) COLLATE utf8_bin NOT NULL,
  `LOCK_EXP_TIME_` timestamp(3) NULL DEFAULT NULL,
  `LOCK_OWNER_` varchar(255) COLLATE utf8_bin DEFAULT NULL,
  `EXCLUSIVE_` tinyint(1) DEFAULT NULL,
  `EXECUTION_ID_` varchar(64) COLLATE utf8_bin DEFAULT NULL,
  `PROCESS_INSTANCE_ID_` varchar(64) COLLATE utf8_bin DEFAULT NULL,
  `PROC_DEF_ID_` varchar(64) COLLATE utf8_bin DEFAULT NULL,
  `RETRIES_` int(11) DEFAULT NULL,
  `EXCEPTION_STACK_ID_` varchar(64) COLLATE utf8_bin DEFAULT NULL,
  `EXCEPTION_MSG_` varchar(4000) COLLATE utf8_bin DEFAULT NULL,
  `DUEDATE_` timestamp(3) NULL DEFAULT NULL,
  `REPEAT_` varchar(255) COLLATE utf8_bin DEFAULT NULL,
  `HANDLER_TYPE_` varchar(255) COLLATE utf8_bin DEFAULT NULL,
  `HANDLER_CFG_` varchar(4000) COLLATE utf8_bin DEFAULT NULL,
  `TENANT_ID_` varchar(255) COLLATE utf8_bin DEFAULT '',
  PRIMARY KEY (`ID_`),
  KEY `ACT_FK_JOB_EXCEPTION` (`EXCEPTION_STACK_ID_`),
  CONSTRAINT `ACT_FK_JOB_EXCEPTION` FOREIGN KEY (`EXCEPTION_STACK_ID_`) REFERENCES `ACT_GE_BYTEARRAY` (`ID_`)
) ENGINE=InnoDB DEFAULT CHARSET=utf8 COLLATE=utf8_bin;



# Dump of table ACT_RU_TASK
# ------------------------------------------------------------

DROP TABLE IF EXISTS `ACT_RU_TASK`;

CREATE TABLE `ACT_RU_TASK` (
  `ID_` varchar(64) COLLATE utf8_bin NOT NULL,
  `REV_` int(11) DEFAULT NULL,
  `EXECUTION_ID_` varchar(64) COLLATE utf8_bin DEFAULT NULL,
  `PROC_INST_ID_` varchar(64) COLLATE utf8_bin DEFAULT NULL,
  `PROC_DEF_ID_` varchar(64) COLLATE utf8_bin DEFAULT NULL,
  `NAME_` varchar(255) COLLATE utf8_bin DEFAULT NULL,
  `PARENT_TASK_ID_` varchar(64) COLLATE utf8_bin DEFAULT NULL,
  `DESCRIPTION_` varchar(4000) COLLATE utf8_bin DEFAULT NULL,
  `TASK_DEF_KEY_` varchar(255) COLLATE utf8_bin DEFAULT NULL,
  `OWNER_` varchar(255) COLLATE utf8_bin DEFAULT NULL,
  `ASSIGNEE_` varchar(255) COLLATE utf8_bin DEFAULT NULL,
  `DELEGATION_` varchar(64) COLLATE utf8_bin DEFAULT NULL,
  `PRIORITY_` int(11) DEFAULT NULL,
  `CREATE_TIME_` timestamp(3) NULL DEFAULT NULL,
  `DUE_DATE_` datetime(3) DEFAULT NULL,
  `CATEGORY_` varchar(255) COLLATE utf8_bin DEFAULT NULL,
  `SUSPENSION_STATE_` int(11) DEFAULT NULL,
  `TENANT_ID_` varchar(255) COLLATE utf8_bin DEFAULT '',
  `FORM_KEY_` varchar(255) COLLATE utf8_bin DEFAULT NULL,
  PRIMARY KEY (`ID_`),
  KEY `ACT_IDX_TASK_CREATE` (`CREATE_TIME_`),
  KEY `ACT_FK_TASK_EXE` (`EXECUTION_ID_`),
  KEY `ACT_FK_TASK_PROCINST` (`PROC_INST_ID_`),
  KEY `ACT_FK_TASK_PROCDEF` (`PROC_DEF_ID_`),
  CONSTRAINT `ACT_FK_TASK_EXE` FOREIGN KEY (`EXECUTION_ID_`) REFERENCES `ACT_RU_EXECUTION` (`ID_`),
  CONSTRAINT `ACT_FK_TASK_PROCDEF` FOREIGN KEY (`PROC_DEF_ID_`) REFERENCES `ACT_RE_PROCDEF` (`ID_`),
  CONSTRAINT `ACT_FK_TASK_PROCINST` FOREIGN KEY (`PROC_INST_ID_`) REFERENCES `ACT_RU_EXECUTION` (`ID_`)
) ENGINE=InnoDB DEFAULT CHARSET=utf8 COLLATE=utf8_bin;

LOCK TABLES `ACT_RU_TASK` WRITE;
/*!40000 ALTER TABLE `ACT_RU_TASK` DISABLE KEYS */;

INSERT INTO `ACT_RU_TASK` (`ID_`, `REV_`, `EXECUTION_ID_`, `PROC_INST_ID_`, `PROC_DEF_ID_`, `NAME_`, `PARENT_TASK_ID_`, `DESCRIPTION_`, `TASK_DEF_KEY_`, `OWNER_`, `ASSIGNEE_`, `DELEGATION_`, `PRIORITY_`, `CREATE_TIME_`, `DUE_DATE_`, `CATEGORY_`, `SUSPENSION_STATE_`, `TENANT_ID_`, `FORM_KEY_`)
VALUES
	(X'35303032',1,X'32353031',X'32353031',X'68656C6C6F776F726C643A313A34',X'E5AEA1E689B9E38090E983A8E997A8E7BB8FE79086E38091',NULL,NULL,X'5F35',NULL,X'E69D8EE59B9B',NULL,50,'2017-11-28 21:45:56.823',NULL,NULL,1,X'',NULL);

/*!40000 ALTER TABLE `ACT_RU_TASK` ENABLE KEYS */;
UNLOCK TABLES;


# Dump of table ACT_RU_VARIABLE
# ------------------------------------------------------------

DROP TABLE IF EXISTS `ACT_RU_VARIABLE`;

CREATE TABLE `ACT_RU_VARIABLE` (
  `ID_` varchar(64) COLLATE utf8_bin NOT NULL,
  `REV_` int(11) DEFAULT NULL,
  `TYPE_` varchar(255) COLLATE utf8_bin NOT NULL,
  `NAME_` varchar(255) COLLATE utf8_bin NOT NULL,
  `EXECUTION_ID_` varchar(64) COLLATE utf8_bin DEFAULT NULL,
  `PROC_INST_ID_` varchar(64) COLLATE utf8_bin DEFAULT NULL,
  `TASK_ID_` varchar(64) COLLATE utf8_bin DEFAULT NULL,
  `BYTEARRAY_ID_` varchar(64) COLLATE utf8_bin DEFAULT NULL,
  `DOUBLE_` double DEFAULT NULL,
  `LONG_` bigint(20) DEFAULT NULL,
  `TEXT_` varchar(4000) COLLATE utf8_bin DEFAULT NULL,
  `TEXT2_` varchar(4000) COLLATE utf8_bin DEFAULT NULL,
  PRIMARY KEY (`ID_`),
  KEY `ACT_IDX_VARIABLE_TASK_ID` (`TASK_ID_`),
  KEY `ACT_FK_VAR_EXE` (`EXECUTION_ID_`),
  KEY `ACT_FK_VAR_PROCINST` (`PROC_INST_ID_`),
  KEY `ACT_FK_VAR_BYTEARRAY` (`BYTEARRAY_ID_`),
  CONSTRAINT `ACT_FK_VAR_BYTEARRAY` FOREIGN KEY (`BYTEARRAY_ID_`) REFERENCES `ACT_GE_BYTEARRAY` (`ID_`),
  CONSTRAINT `ACT_FK_VAR_EXE` FOREIGN KEY (`EXECUTION_ID_`) REFERENCES `ACT_RU_EXECUTION` (`ID_`),
  CONSTRAINT `ACT_FK_VAR_PROCINST` FOREIGN KEY (`PROC_INST_ID_`) REFERENCES `ACT_RU_EXECUTION` (`ID_`)
) ENGINE=InnoDB DEFAULT CHARSET=utf8 COLLATE=utf8_bin;



# Dump of table crm_contact
# ------------------------------------------------------------

DROP TABLE IF EXISTS `crm_contact`;

CREATE TABLE `crm_contact` (
  `contact_id` bigint(20) NOT NULL AUTO_INCREMENT,
  `customer_id` bigint(20) NOT NULL,
  `charge_id` bigint(20) NOT NULL COMMENT '',
  `name` varchar(145) NOT NULL,
  `company_id` bigint(20) NOT NULL COMMENT 'ID',
  `dept_id` bigint(20) NOT NULL COMMENT '',
  `position` varchar(245) DEFAULT NULL COMMENT '',
  `phone_number` varchar(45) DEFAULT NULL COMMENT '',
  `cell_phone_number` varchar(45) DEFAULT NULL COMMENT '',
  `email` varchar(45) DEFAULT NULL,
  `address` varchar(245) DEFAULT NULL COMMENT '',
  `remarks` varchar(45) DEFAULT NULL COMMENT '',
  `department` varchar(45) DEFAULT NULL COMMENT '',
  `weibo` varchar(45) DEFAULT NULL,
  `gender` int(4) DEFAULT NULL COMMENT '',
  `birthday` datetime DEFAULT NULL COMMENT '',
  `postal_code` varchar(45) DEFAULT NULL COMMENT '',
  `is_deleted` int(4) DEFAULT '0' COMMENT '  1  0',
  `create_by` bigint(11) NOT NULL COMMENT 'Id',
  `update_by` bigint(11) DEFAULT NULL COMMENT 'Id',
  `gmt_create` datetime DEFAULT CURRENT_TIMESTAMP COMMENT '',
  `gmt_update` datetime DEFAULT NULL ON UPDATE CURRENT_TIMESTAMP COMMENT '',
  PRIMARY KEY (`contact_id`)
) ENGINE=InnoDB DEFAULT CHARSET=utf8mb4;

LOCK TABLES `crm_contact` WRITE;
/*!40000 ALTER TABLE `crm_contact` DISABLE KEYS */;

INSERT INTO `crm_contact` (`contact_id`, `customer_id`, `charge_id`, `name`, `company_id`, `dept_id`, `position`, `phone_number`, `cell_phone_number`, `email`, `address`, `remarks`, `department`, `weibo`, `gender`, `birthday`, `postal_code`, `is_deleted`, `create_by`, `update_by`, `gmt_create`, `gmt_update`)
VALUES
	(1,1,1,'name',1,1,NULL,NULL,NULL,NULL,NULL,NULL,NULL,NULL,NULL,NULL,NULL,0,0,NULL,'2017-11-25 15:03:25',NULL);

/*!40000 ALTER TABLE `crm_contact` ENABLE KEYS */;
UNLOCK TABLES;


# Dump of table crm_customer
# ------------------------------------------------------------

DROP TABLE IF EXISTS `crm_customer`;

CREATE TABLE `crm_customer` (
  `customer_id` bigint(20) NOT NULL AUTO_INCREMENT,
  `customer_name` varchar(245) NOT NULL COMMENT '',
  `company_id` bigint(11) NOT NULL COMMENT 'ID',
  `dept_id` bigint(20) NOT NULL COMMENT '',
  `charge_id` bigint(20) NOT NULL COMMENT '',
  `province` varchar(45) DEFAULT NULL,
  `city` varchar(45) DEFAULT NULL,
  `area` varchar(45) DEFAULT NULL,
  `address_detail` varchar(45) DEFAULT NULL,
  `phone_number` varchar(45) DEFAULT NULL,
  `remarks` varchar(245) DEFAULT NULL,
  `level` varchar(45) DEFAULT NULL COMMENT 'ABC',
  `postal_code` varchar(45) DEFAULT NULL COMMENT '',
  `industry` varchar(45) DEFAULT NULL COMMENT '',
  `website` varchar(45) DEFAULT NULL COMMENT '',
  `weibo` varchar(45) DEFAULT NULL,
  `qq` varchar(45) DEFAULT NULL,
  `wechat` varchar(45) DEFAULT NULL,
  `fax` varchar(45) DEFAULT NULL COMMENT '',
  `company_number` bigint(20) DEFAULT NULL COMMENT '',
  `is_deleted` int(4) DEFAULT '0' COMMENT '  1  0',
  `create_by` bigint(11) NOT NULL COMMENT 'Id',
  `update_by` bigint(11) DEFAULT NULL COMMENT 'Id',
  `gmt_create` datetime DEFAULT CURRENT_TIMESTAMP COMMENT '',
  `gmt_update` datetime DEFAULT NULL COMMENT '',
  PRIMARY KEY (`customer_id`)
) ENGINE=InnoDB DEFAULT CHARSET=utf8mb4;

LOCK TABLES `crm_customer` WRITE;
/*!40000 ALTER TABLE `crm_customer` DISABLE KEYS */;

INSERT INTO `crm_customer` (`customer_id`, `customer_name`, `company_id`, `dept_id`, `charge_id`, `province`, `city`, `area`, `address_detail`, `phone_number`, `remarks`, `level`, `postal_code`, `industry`, `website`, `weibo`, `qq`, `wechat`, `fax`, `company_number`, `is_deleted`, `create_by`, `update_by`, `gmt_create`, `gmt_update`)
VALUES
	(1,'',1,1,1,NULL,NULL,NULL,NULL,NULL,NULL,NULL,NULL,NULL,NULL,NULL,NULL,NULL,NULL,NULL,1,1,NULL,'2017-11-20 13:39:28',NULL),
	(2,'',1,1,1,NULL,NULL,NULL,NULL,NULL,NULL,NULL,NULL,NULL,NULL,NULL,NULL,NULL,NULL,NULL,0,1,NULL,'2017-11-20 15:22:06',NULL),
	(3,'',12,13,9,NULL,NULL,NULL,NULL,NULL,NULL,NULL,NULL,NULL,NULL,NULL,NULL,NULL,NULL,NULL,1,9,NULL,'2017-11-20 17:29:20',NULL),
	(4,'A',13,16,1,NULL,NULL,NULL,'81',NULL,NULL,'A',NULL,NULL,'',NULL,NULL,NULL,NULL,NULL,1,1,NULL,'2017-11-25 16:45:38',NULL),
	(5,'B',13,17,1,'','','','81',NULL,NULL,'B',NULL,NULL,'',NULL,NULL,NULL,NULL,NULL,1,1,NULL,'2017-11-25 16:53:08',NULL),
	(6,'C',13,17,1,'','','','81',NULL,NULL,'C',NULL,NULL,'',NULL,NULL,NULL,NULL,NULL,1,1,NULL,'2017-11-25 16:56:29',NULL),
	(7,'D',13,17,1,'','','','81',NULL,NULL,'B',NULL,NULL,'',NULL,NULL,NULL,NULL,NULL,1,1,NULL,'2017-11-25 16:59:59',NULL),
	(8,'E',12,15,1,'','','','82',NULL,NULL,'A',NULL,NULL,'',NULL,'',NULL,NULL,NULL,1,1,NULL,'2017-11-25 18:23:21',NULL),
	(9,'',12,13,9,'','','','',NULL,NULL,'A',NULL,NULL,NULL,NULL,NULL,NULL,NULL,NULL,0,9,9,'2017-11-25 20:17:59',NULL),
	(10,'',12,13,9,'','','','9',NULL,NULL,'A',NULL,NULL,'',NULL,'',NULL,NULL,NULL,0,9,NULL,'2017-11-25 20:24:42',NULL),
	(11,'',12,14,9,'','','','',NULL,NULL,NULL,NULL,NULL,'',NULL,'',NULL,NULL,NULL,1,9,NULL,'2017-11-25 20:26:13',NULL),
	(12,'',12,17,9,'','','','',NULL,NULL,NULL,NULL,NULL,'',NULL,'',NULL,NULL,NULL,1,9,NULL,'2017-11-25 20:26:47',NULL),
	(13,'A',12,17,9,'','','','',NULL,NULL,NULL,NULL,NULL,'',NULL,'',NULL,NULL,NULL,0,9,NULL,'2017-11-25 20:28:59',NULL),
	(14,'A',12,17,1,'','','','83',NULL,'','A',NULL,NULL,'',NULL,'',NULL,NULL,NULL,0,1,1,'2017-11-25 20:39:35',NULL),
	(15,'',12,13,10,'','','','','','',NULL,NULL,NULL,'',NULL,'',NULL,NULL,NULL,0,10,NULL,'2017-11-26 01:32:53',NULL);

/*!40000 ALTER TABLE `crm_customer` ENABLE KEYS */;
UNLOCK TABLES;


# Dump of table crm_opportunity
# ------------------------------------------------------------

DROP TABLE IF EXISTS `crm_opportunity`;

CREATE TABLE `crm_opportunity` (
  `opportunity_id` bigint(20) NOT NULL COMMENT 'ID',
  `customer_name` varchar(245) NOT NULL COMMENT '',
  `company_id` bigint(11) NOT NULL COMMENT 'ID',
  `dept_id` bigint(20) NOT NULL COMMENT '',
  `charge_id` bigint(20) NOT NULL COMMENT '',
  `remarks` varchar(245) DEFAULT NULL,
  `name` varchar(145) DEFAULT NULL COMMENT '',
  `sales_amount` varchar(45) DEFAULT NULL COMMENT '',
  `complete_date` datetime DEFAULT NULL COMMENT '',
  `opportunity_type` varchar(45) DEFAULT NULL COMMENT '',
  `opportunity_source` varchar(45) DEFAULT NULL COMMENT '',
  `is_deleted` int(4) DEFAULT '0' COMMENT '  1  0',
  `create_by` bigint(11) NOT NULL COMMENT 'Id',
  `update_by` bigint(11) DEFAULT NULL COMMENT 'Id',
  `gmt_create` datetime DEFAULT CURRENT_TIMESTAMP COMMENT '',
  `gmt_update` datetime DEFAULT NULL COMMENT '',
  PRIMARY KEY (`opportunity_id`)
) ENGINE=InnoDB DEFAULT CHARSET=utf8mb4;



# Dump of table sys_dept
# ------------------------------------------------------------

DROP TABLE IF EXISTS `sys_dept`;

CREATE TABLE `sys_dept` (
  `dept_id` bigint(20) NOT NULL AUTO_INCREMENT,
  `parent_id` bigint(20) DEFAULT NULL COMMENT 'ID0',
  `parent_ids` varchar(200) DEFAULT NULL COMMENT '',
  `name` varchar(50) DEFAULT NULL COMMENT '',
  `alias_name` varchar(50) DEFAULT NULL COMMENT '',
  `type` tinyint(4) DEFAULT NULL COMMENT '',
  `phone` varchar(100) DEFAULT NULL COMMENT '',
  `fax` varchar(100) DEFAULT NULL COMMENT '',
  `dept_email` varchar(100) DEFAULT NULL COMMENT '',
  `zip_code` varchar(11) DEFAULT NULL COMMENT '',
  `address` varchar(11) DEFAULT NULL COMMENT '',
  `order_num` int(11) DEFAULT '0' COMMENT '',
  `remarks` varchar(11) DEFAULT NULL COMMENT '',
  `is_deleted` int(4) DEFAULT '0' COMMENT '  1  0',
  `is_used` int(11) DEFAULT '1' COMMENT '  0  1',
  `create_by` bigint(11) DEFAULT NULL COMMENT 'Id',
  `update_by` bigint(11) DEFAULT NULL COMMENT 'Id',
  `gmt_create` datetime DEFAULT CURRENT_TIMESTAMP,
  `gmt_update` datetime DEFAULT NULL ON UPDATE CURRENT_TIMESTAMP,
  PRIMARY KEY (`dept_id`)
) ENGINE=InnoDB DEFAULT CHARSET=utf8mb4 COMMENT='';

LOCK TABLES `sys_dept` WRITE;
/*!40000 ALTER TABLE `sys_dept` DISABLE KEYS */;

INSERT INTO `sys_dept` (`dept_id`, `parent_id`, `parent_ids`, `name`, `alias_name`, `type`, `phone`, `fax`, `dept_email`, `zip_code`, `address`, `order_num`, `remarks`, `is_deleted`, `is_used`, `create_by`, `update_by`, `gmt_create`, `gmt_update`)
VALUES
	(1,0,'0,','',NULL,1,NULL,NULL,NULL,NULL,NULL,1,NULL,0,1,NULL,NULL,'2017-11-12 13:24:49',NULL),
	(12,1,'0,1,','',NULL,1,NULL,NULL,NULL,NULL,NULL,1,NULL,0,1,NULL,9,'2017-11-18 22:15:32','2017-11-26 14:42:12'),
	(13,12,'0,1,12,','',NULL,2,NULL,NULL,NULL,NULL,NULL,1,NULL,0,1,NULL,NULL,'2017-11-18 22:18:09',NULL),
	(14,13,'0,1,12,13,','D',NULL,2,NULL,NULL,NULL,NULL,NULL,1,NULL,0,1,NULL,1,'2017-11-18 22:22:09','2017-11-25 21:09:39'),
	(15,13,'0,1,12,13,','C',NULL,2,NULL,NULL,NULL,NULL,NULL,0,NULL,1,1,NULL,NULL,'2017-11-18 22:43:51','2017-11-26 10:40:53'),
	(16,13,'0,1,12,13,','B',NULL,2,NULL,NULL,NULL,NULL,NULL,0,NULL,0,1,NULL,NULL,'2017-11-18 22:44:13','2017-11-20 14:00:13'),
	(17,13,'0,1,12,13,','A',NULL,2,NULL,NULL,NULL,NULL,NULL,0,NULL,0,1,NULL,NULL,'2017-11-19 14:09:02',NULL);

/*!40000 ALTER TABLE `sys_dept` ENABLE KEYS */;
UNLOCK TABLES;


# Dump of table sys_log
# ------------------------------------------------------------

DROP TABLE IF EXISTS `sys_log`;

CREATE TABLE `sys_log` (
  `id` bigint(20) NOT NULL AUTO_INCREMENT,
  `username` varchar(50) DEFAULT NULL COMMENT '',
  `operation` varchar(50) DEFAULT NULL COMMENT '',
  `method` varchar(200) DEFAULT NULL COMMENT '',
  `params` varchar(5000) DEFAULT NULL COMMENT '',
  `time` bigint(20) NOT NULL COMMENT '()',
  `ip` varchar(64) DEFAULT NULL COMMENT 'IP',
  `create_date` datetime DEFAULT NULL ON UPDATE CURRENT_TIMESTAMP COMMENT '',
  PRIMARY KEY (`id`)
) ENGINE=InnoDB DEFAULT CHARSET=utf8mb4 COMMENT='';

LOCK TABLES `sys_log` WRITE;
/*!40000 ALTER TABLE `sys_log` DISABLE KEYS */;

INSERT INTO `sys_log` (`id`, `username`, `operation`, `method`, `params`, `time`, `ip`, `create_date`)
VALUES
	(1,'2',NULL,NULL,NULL,0,NULL,'2017-11-14 22:43:22');

/*!40000 ALTER TABLE `sys_log` ENABLE KEYS */;
UNLOCK TABLES;


# Dump of table sys_menu
# ------------------------------------------------------------

DROP TABLE IF EXISTS `sys_menu`;

CREATE TABLE `sys_menu` (
  `menu_id` bigint(20) NOT NULL AUTO_INCREMENT,
  `parent_id` bigint(20) DEFAULT NULL COMMENT 'ID0',
  `name` varchar(50) DEFAULT NULL COMMENT '',
  `url` varchar(200) DEFAULT NULL COMMENT 'URL',
  `perms` varchar(500) DEFAULT NULL COMMENT '(user:list,user:create)',
  `type` int(11) DEFAULT NULL COMMENT '   0   1   2',
  `icon` varchar(50) DEFAULT NULL COMMENT '',
  `order_num` int(11) DEFAULT '0' COMMENT '',
  `is_deleted` int(11) DEFAULT '0' COMMENT '',
  `is_used` int(11) DEFAULT '1' COMMENT '  0  1',
  `create_by` bigint(11) DEFAULT NULL COMMENT 'Id',
  `update_by` bigint(11) DEFAULT NULL COMMENT 'Id',
  `gmt_create` datetime DEFAULT CURRENT_TIMESTAMP,
  `gmt_update` datetime DEFAULT NULL ON UPDATE CURRENT_TIMESTAMP,
  PRIMARY KEY (`menu_id`)
) ENGINE=InnoDB DEFAULT CHARSET=utf8mb4 COMMENT='';

LOCK TABLES `sys_menu` WRITE;
/*!40000 ALTER TABLE `sys_menu` DISABLE KEYS */;

INSERT INTO `sys_menu` (`menu_id`, `parent_id`, `name`, `url`, `perms`, `type`, `icon`, `order_num`, `is_deleted`, `is_used`, `create_by`, `update_by`, `gmt_create`, `gmt_update`)
VALUES
	(1,0,'',NULL,NULL,0,'fa fa-cog',15,0,1,NULL,NULL,'2017-11-12 13:20:38','2017-11-20 16:10:06'),
	(2,1,'','/sys/deptuser',NULL,1,'fa fa-user',1,0,1,NULL,NULL,'2017-11-12 13:20:38','2017-11-14 21:31:40'),
	(3,1,'','/sys/role',NULL,1,'fa fa-user-secret',2,0,1,NULL,NULL,'2017-11-12 13:20:38',NULL),
	(4,1,'','/sys/menu',NULL,1,'fa fa-th-list',3,0,1,NULL,NULL,'2017-11-12 13:20:38',NULL),
	(15,2,'',NULL,'sys:user:list,sys:user:info',2,NULL,0,0,1,NULL,NULL,'2017-11-12 13:20:38','2017-11-25 14:45:14'),
	(16,2,'',NULL,'sys:user:save,sys:role:select',2,NULL,0,0,1,NULL,NULL,'2017-11-12 13:20:38','2017-11-25 14:45:18'),
	(17,2,'',NULL,'sys:user:update,sys:role:select',2,NULL,0,0,1,NULL,NULL,'2017-11-12 13:20:38','2017-11-25 14:45:27'),
	(18,2,'',NULL,'sys:user:delete',2,NULL,0,0,1,NULL,NULL,'2017-11-12 13:20:38','2017-11-25 14:45:31'),
	(19,3,'',NULL,'sys:role:list,sys:role:info',2,NULL,0,0,1,NULL,NULL,'2017-11-12 13:20:38',NULL),
	(20,3,'',NULL,'sys:role:save,sys:menu:perms',2,NULL,0,0,1,NULL,NULL,'2017-11-12 13:20:38',NULL),
	(21,3,'',NULL,'sys:role:update,sys:menu:perms',2,NULL,0,0,1,NULL,NULL,'2017-11-12 13:20:38',NULL),
	(22,3,'',NULL,'sys:role:delete',2,NULL,0,0,1,NULL,NULL,'2017-11-12 13:20:38',NULL),
	(23,4,'',NULL,'sys:menu:list,sys:menu:info',2,NULL,0,0,1,NULL,NULL,'2017-11-12 13:20:38',NULL),
	(24,4,'',NULL,'sys:menu:save,sys:menu:select',2,NULL,0,0,1,NULL,NULL,'2017-11-12 13:20:38',NULL),
	(25,4,'',NULL,'sys:menu:update,sys:menu:select',2,NULL,0,0,1,NULL,NULL,'2017-11-12 13:20:38',NULL),
	(26,4,'',NULL,'sys:menu:delete',2,NULL,0,0,1,NULL,NULL,'2017-11-12 13:20:38',NULL),
	(29,1,'','/sys/log','sys:log:list',1,'fa fa-file-text-o',7,-1,1,NULL,NULL,'2017-11-12 13:20:38','2017-11-20 14:04:34'),
	(31,1,'','/sys/dept',NULL,1,'fa fa-file-code-o',1,-1,1,NULL,NULL,'2017-11-12 13:20:38','2017-11-20 10:39:52'),
	(32,2,'',NULL,'sys:dept:list,sys:dept:info',2,NULL,0,0,1,NULL,NULL,'2017-11-12 13:20:38','2017-11-25 14:45:36'),
	(33,2,'',NULL,'sys:dept:save,sys:dept:select',2,NULL,0,0,1,NULL,NULL,'2017-11-12 13:20:38','2017-11-25 14:45:39'),
	(34,2,'',NULL,'sys:dept:update,sys:dept:select',2,NULL,0,0,1,NULL,NULL,'2017-11-12 13:20:38','2017-11-25 14:45:46'),
	(35,2,'',NULL,'sys:dept:delete',2,NULL,0,0,1,NULL,NULL,'2017-11-12 13:20:38','2017-11-25 14:45:49'),
	(73,0,'CRM',NULL,NULL,0,'fa fa-handshake-o',0,0,1,NULL,NULL,'2017-11-14 21:30:23','2017-11-20 16:05:43'),
	(74,76,'',NULL,'crm:customer:list,crm:customer:info',2,NULL,0,0,1,NULL,NULL,'2017-11-20 10:14:08','2017-11-20 10:38:20'),
	(75,76,'',NULL,'crm:customer:save',2,NULL,1,0,1,NULL,NULL,'2017-11-20 10:14:08','2017-11-20 10:39:21'),
	(76,73,'','/crm/customer','',1,'fa fa-user-circle',0,0,1,NULL,NULL,'2017-11-20 10:33:06','2017-11-23 13:31:53'),
	(77,76,'',NULL,'crm:customer:delete',2,'',0,0,1,NULL,NULL,'2017-11-25 17:51:06','2017-11-25 17:53:43'),
	(78,76,'',NULL,'crm:customer:update',2,'',0,0,1,NULL,NULL,'2017-11-25 20:59:17',NULL);

/*!40000 ALTER TABLE `sys_menu` ENABLE KEYS */;
UNLOCK TABLES;


# Dump of table sys_role
# ------------------------------------------------------------

DROP TABLE IF EXISTS `sys_role`;

CREATE TABLE `sys_role` (
  `role_id` bigint(20) NOT NULL AUTO_INCREMENT,
  `role_name` varchar(100) DEFAULT NULL COMMENT '',
  `enname` varchar(11) DEFAULT NULL COMMENT '',
  `role_type` varchar(11) DEFAULT NULL COMMENT '',
  `data_scope` char(1) DEFAULT NULL COMMENT '',
  `is_sys` char(11) DEFAULT NULL COMMENT ' 0 1',
  `remark` varchar(100) DEFAULT NULL COMMENT '',
  `dept_id` bigint(20) DEFAULT NULL COMMENT 'ID',
  `is_deleted` int(4) DEFAULT '0' COMMENT '  1  0',
  `is_used` int(11) DEFAULT NULL COMMENT '  0  1',
  `create_by` bigint(11) DEFAULT NULL COMMENT 'Id',
  `update_by` bigint(11) DEFAULT NULL COMMENT 'Id',
  `gmt_create` datetime DEFAULT CURRENT_TIMESTAMP,
  `gmt_update` datetime DEFAULT NULL ON UPDATE CURRENT_TIMESTAMP,
  PRIMARY KEY (`role_id`)
) ENGINE=InnoDB DEFAULT CHARSET=utf8mb4 COMMENT='';

LOCK TABLES `sys_role` WRITE;
/*!40000 ALTER TABLE `sys_role` DISABLE KEYS */;

INSERT INTO `sys_role` (`role_id`, `role_name`, `enname`, `role_type`, `data_scope`, `is_sys`, `remark`, `dept_id`, `is_deleted`, `is_used`, `create_by`, `update_by`, `gmt_create`, `gmt_update`)
VALUES
	(1,'',NULL,NULL,'2',NULL,'',1,0,1,NULL,NULL,'2017-11-12 13:21:44','2017-11-18 23:01:05'),
	(10,'',NULL,NULL,'2',NULL,'',12,0,1,NULL,NULL,'2017-11-18 22:16:48',NULL),
	(11,'',NULL,NULL,'2',NULL,'',13,0,1,NULL,NULL,'2017-11-18 22:19:18','2017-11-26 01:37:11'),
	(12,'AB',NULL,NULL,'9',NULL,'AB',13,0,1,NULL,NULL,'2017-11-20 14:01:52',NULL),
	(13,'A',NULL,NULL,'4',NULL,'A',17,0,1,NULL,NULL,'2017-11-20 16:02:40',NULL),
	(14,'',NULL,NULL,'6',NULL,'',12,-1,1,NULL,NULL,'2017-11-25 14:26:23','2017-11-26 01:32:01');

/*!40000 ALTER TABLE `sys_role` ENABLE KEYS */;
UNLOCK TABLES;


# Dump of table sys_role_dept
# ------------------------------------------------------------

DROP TABLE IF EXISTS `sys_role_dept`;

CREATE TABLE `sys_role_dept` (
  `id` bigint(20) NOT NULL AUTO_INCREMENT,
  `role_id` bigint(20) DEFAULT NULL COMMENT 'ID',
  `dept_id` bigint(20) DEFAULT NULL COMMENT 'ID',
  `gmt_create` datetime DEFAULT CURRENT_TIMESTAMP,
  `gmt_update` datetime DEFAULT NULL ON UPDATE CURRENT_TIMESTAMP,
  PRIMARY KEY (`id`)
) ENGINE=InnoDB DEFAULT CHARSET=utf8mb4 COMMENT='';

LOCK TABLES `sys_role_dept` WRITE;
/*!40000 ALTER TABLE `sys_role_dept` DISABLE KEYS */;

INSERT INTO `sys_role_dept` (`id`, `role_id`, `dept_id`, `gmt_create`, `gmt_update`)
VALUES
	(5,12,16,'2017-11-20 14:01:52',NULL),
	(9,12,17,'2017-11-20 14:01:52',NULL);

/*!40000 ALTER TABLE `sys_role_dept` ENABLE KEYS */;
UNLOCK TABLES;


# Dump of table sys_role_menu
# ------------------------------------------------------------

DROP TABLE IF EXISTS `sys_role_menu`;

CREATE TABLE `sys_role_menu` (
  `id` bigint(20) NOT NULL AUTO_INCREMENT,
  `role_id` bigint(20) DEFAULT NULL COMMENT 'ID',
  `menu_id` bigint(20) DEFAULT NULL COMMENT 'ID',
  `gmt_create` datetime DEFAULT CURRENT_TIMESTAMP,
  `gmt_update` datetime DEFAULT NULL ON UPDATE CURRENT_TIMESTAMP,
  PRIMARY KEY (`id`)
) ENGINE=InnoDB DEFAULT CHARSET=utf8mb4 COMMENT='';

LOCK TABLES `sys_role_menu` WRITE;
/*!40000 ALTER TABLE `sys_role_menu` DISABLE KEYS */;

INSERT INTO `sys_role_menu` (`id`, `role_id`, `menu_id`, `gmt_create`, `gmt_update`)
VALUES
	(127,2,1,'2017-11-12 16:28:09',NULL),
	(128,2,67,'2017-11-12 16:28:09',NULL),
	(129,2,2,'2017-11-12 16:28:09',NULL),
	(130,2,15,'2017-11-12 16:28:09',NULL),
	(131,2,16,'2017-11-12 16:28:09',NULL),
	(132,2,17,'2017-11-12 16:28:09',NULL),
	(133,2,18,'2017-11-12 16:28:09',NULL),
	(134,2,31,'2017-11-12 16:28:09',NULL),
	(135,2,32,'2017-11-12 16:28:09',NULL),
	(136,2,33,'2017-11-12 16:28:09',NULL),
	(137,2,34,'2017-11-12 16:28:09',NULL),
	(138,2,35,'2017-11-12 16:28:09',NULL),
	(139,2,3,'2017-11-12 16:28:09',NULL),
	(140,2,19,'2017-11-12 16:28:09',NULL),
	(141,2,20,'2017-11-12 16:28:09',NULL),
	(142,2,21,'2017-11-12 16:28:09',NULL),
	(143,2,22,'2017-11-12 16:28:09',NULL),
	(144,2,4,'2017-11-12 16:28:09',NULL),
	(145,2,23,'2017-11-12 16:28:09',NULL),
	(146,2,24,'2017-11-12 16:28:09',NULL),
	(147,2,25,'2017-11-12 16:28:09',NULL),
	(148,2,26,'2017-11-12 16:28:09',NULL),
	(149,2,29,'2017-11-12 16:28:09',NULL),
	(150,2,70,'2017-11-12 16:28:09',NULL),
	(151,2,71,'2017-11-12 16:28:09',NULL),
	(152,2,72,'2017-11-12 16:28:09',NULL),
	(153,3,15,'2017-11-14 18:06:40',NULL),
	(154,3,2,'2017-11-14 18:06:40',NULL),
	(155,3,1,'2017-11-14 18:06:40',NULL),
	(156,3,16,'2017-11-14 18:06:40',NULL),
	(157,3,17,'2017-11-14 18:06:40',NULL),
	(179,5,1,'2017-11-14 20:34:01',NULL),
	(180,5,67,'2017-11-14 20:34:01',NULL),
	(181,5,2,'2017-11-14 20:34:01',NULL),
	(182,5,15,'2017-11-14 20:34:01',NULL),
	(183,5,16,'2017-11-14 20:34:01',NULL),
	(184,5,17,'2017-11-14 20:34:01',NULL),
	(185,5,18,'2017-11-14 20:34:01',NULL),
	(186,5,3,'2017-11-14 20:34:01',NULL),
	(187,5,19,'2017-11-14 20:34:01',NULL),
	(188,5,20,'2017-11-14 20:34:01',NULL),
	(189,5,21,'2017-11-14 20:34:01',NULL),
	(190,5,22,'2017-11-14 20:34:01',NULL),
	(191,5,4,'2017-11-14 20:34:01',NULL),
	(192,5,23,'2017-11-14 20:34:01',NULL),
	(193,5,24,'2017-11-14 20:34:01',NULL),
	(194,5,25,'2017-11-14 20:34:01',NULL),
	(195,5,26,'2017-11-14 20:34:01',NULL),
	(196,5,29,'2017-11-14 20:34:01',NULL),
	(197,5,70,'2017-11-14 20:34:01',NULL),
	(198,5,71,'2017-11-14 20:34:01',NULL),
	(199,5,72,'2017-11-14 20:34:01',NULL),
	(239,4,1,'2017-11-14 21:23:12',NULL),
	(240,4,67,'2017-11-14 21:23:12',NULL),
	(241,4,2,'2017-11-14 21:23:12',NULL),
	(242,4,15,'2017-11-14 21:23:12',NULL),
	(243,4,16,'2017-11-14 21:23:12',NULL),
	(244,4,17,'2017-11-14 21:23:12',NULL),
	(245,4,18,'2017-11-14 21:23:12',NULL),
	(246,4,32,'2017-11-14 21:23:12',NULL),
	(247,4,33,'2017-11-14 21:23:12',NULL),
	(248,4,34,'2017-11-14 21:23:12',NULL),
	(249,4,35,'2017-11-14 21:23:12',NULL),
	(250,4,3,'2017-11-14 21:23:12',NULL),
	(251,4,19,'2017-11-14 21:23:12',NULL),
	(252,4,20,'2017-11-14 21:23:12',NULL),
	(253,4,21,'2017-11-14 21:23:12',NULL),
	(254,4,22,'2017-11-14 21:23:12',NULL),
	(255,4,4,'2017-11-14 21:23:12',NULL),
	(256,4,23,'2017-11-14 21:23:12',NULL),
	(257,4,24,'2017-11-14 21:23:12',NULL),
	(258,4,25,'2017-11-14 21:23:12',NULL),
	(259,4,26,'2017-11-14 21:23:12',NULL),
	(260,4,29,'2017-11-14 21:23:12',NULL),
	(261,4,36,'2017-11-14 21:23:12',NULL),
	(262,4,39,'2017-11-14 21:23:12',NULL),
	(263,4,50,'2017-11-14 21:23:12',NULL),
	(264,4,51,'2017-11-14 21:23:12',NULL),
	(265,4,52,'2017-11-14 21:23:12',NULL),
	(266,4,53,'2017-11-14 21:23:12',NULL),
	(267,4,38,'2017-11-14 21:23:12',NULL),
	(268,4,46,'2017-11-14 21:23:12',NULL),
	(269,4,47,'2017-11-14 21:23:12',NULL),
	(270,4,48,'2017-11-14 21:23:12',NULL),
	(271,4,49,'2017-11-14 21:23:12',NULL),
	(272,4,41,'2017-11-14 21:23:12',NULL),
	(273,4,58,'2017-11-14 21:23:12',NULL),
	(274,4,59,'2017-11-14 21:23:12',NULL),
	(275,4,60,'2017-11-14 21:23:12',NULL),
	(276,4,61,'2017-11-14 21:23:12',NULL),
	(277,4,62,'2017-11-14 21:23:12',NULL),
	(278,4,63,'2017-11-14 21:23:12',NULL),
	(279,4,64,'2017-11-14 21:23:12',NULL),
	(280,4,65,'2017-11-14 21:23:12',NULL),
	(281,4,66,'2017-11-14 21:23:12',NULL),
	(297,6,2,'2017-11-14 22:18:52',NULL),
	(298,6,1,'2017-11-14 22:18:52',NULL),
	(299,6,15,'2017-11-14 22:18:52',NULL),
	(300,6,16,'2017-11-14 22:18:52',NULL),
	(301,6,17,'2017-11-14 22:18:52',NULL),
	(302,6,18,'2017-11-14 22:18:52',NULL),
	(303,6,32,'2017-11-14 22:18:52',NULL),
	(304,6,33,'2017-11-14 22:18:52',NULL),
	(305,6,34,'2017-11-14 22:18:52',NULL),
	(306,6,35,'2017-11-14 22:18:52',NULL),
	(307,6,3,'2017-11-14 22:18:52',NULL),
	(308,6,19,'2017-11-14 22:18:52',NULL),
	(309,6,20,'2017-11-14 22:18:52',NULL),
	(310,6,21,'2017-11-14 22:18:52',NULL),
	(311,6,22,'2017-11-14 22:18:52',NULL),
	(312,7,2,'2017-11-14 22:20:10',NULL),
	(313,7,1,'2017-11-14 22:20:10',NULL),
	(314,7,15,'2017-11-14 22:20:10',NULL),
	(315,7,16,'2017-11-14 22:20:10',NULL),
	(316,7,17,'2017-11-14 22:20:10',NULL),
	(317,7,18,'2017-11-14 22:20:10',NULL),
	(318,7,32,'2017-11-14 22:20:10',NULL),
	(319,7,33,'2017-11-14 22:20:10',NULL),
	(320,7,34,'2017-11-14 22:20:10',NULL),
	(321,7,35,'2017-11-14 22:20:10',NULL),
	(322,7,3,'2017-11-14 22:20:10',NULL),
	(323,7,19,'2017-11-14 22:20:10',NULL),
	(324,7,20,'2017-11-14 22:20:10',NULL),
	(325,7,21,'2017-11-14 22:20:10',NULL),
	(326,7,22,'2017-11-14 22:20:10',NULL),
	(327,7,4,'2017-11-14 22:20:10',NULL),
	(328,7,23,'2017-11-14 22:20:10',NULL),
	(329,7,24,'2017-11-14 22:20:10',NULL),
	(330,7,25,'2017-11-14 22:20:10',NULL),
	(331,7,26,'2017-11-14 22:20:10',NULL),
	(432,8,67,'2017-11-18 21:56:59',NULL),
	(433,8,1,'2017-11-18 21:56:59',NULL),
	(434,8,2,'2017-11-18 21:56:59',NULL),
	(435,8,15,'2017-11-18 21:56:59',NULL),
	(436,8,16,'2017-11-18 21:56:59',NULL),
	(437,8,17,'2017-11-18 21:56:59',NULL),
	(438,8,18,'2017-11-18 21:56:59',NULL),
	(439,8,32,'2017-11-18 21:56:59',NULL),
	(440,8,33,'2017-11-18 21:56:59',NULL),
	(441,8,34,'2017-11-18 21:56:59',NULL),
	(442,8,35,'2017-11-18 21:56:59',NULL),
	(443,8,3,'2017-11-18 21:56:59',NULL),
	(444,8,19,'2017-11-18 21:56:59',NULL),
	(445,8,20,'2017-11-18 21:56:59',NULL),
	(446,8,21,'2017-11-18 21:56:59',NULL),
	(447,8,22,'2017-11-18 21:56:59',NULL),
	(448,8,4,'2017-11-18 21:56:59',NULL),
	(449,8,23,'2017-11-18 21:56:59',NULL),
	(450,8,24,'2017-11-18 21:56:59',NULL),
	(451,8,25,'2017-11-18 21:56:59',NULL),
	(452,8,26,'2017-11-18 21:56:59',NULL),
	(453,8,29,'2017-11-18 21:56:59',NULL),
	(454,9,67,'2017-11-18 21:58:54',NULL),
	(455,9,1,'2017-11-18 21:58:54',NULL),
	(456,9,2,'2017-11-18 21:58:54',NULL),
	(457,9,35,'2017-11-18 21:58:54',NULL),
	(458,9,17,'2017-11-18 21:58:54',NULL),
	(459,9,34,'2017-11-18 21:58:54',NULL),
	(460,9,16,'2017-11-18 21:58:54',NULL),
	(461,9,33,'2017-11-18 21:58:54',NULL),
	(462,9,15,'2017-11-18 21:58:54',NULL),
	(463,9,32,'2017-11-18 21:58:54',NULL),
	(464,9,18,'2017-11-18 21:58:54',NULL),
	(465,9,29,'2017-11-18 21:58:54',NULL),
	(686,12,1,'2017-11-20 14:01:52',NULL),
	(687,12,2,'2017-11-20 14:01:52',NULL),
	(688,12,15,'2017-11-20 14:01:52',NULL),
	(689,12,16,'2017-11-20 14:01:52',NULL),
	(690,12,17,'2017-11-20 14:01:52',NULL),
	(691,12,18,'2017-11-20 14:01:52',NULL),
	(692,12,32,'2017-11-20 14:01:52',NULL),
	(693,12,33,'2017-11-20 14:01:52',NULL),
	(694,12,34,'2017-11-20 14:01:52',NULL),
	(695,12,35,'2017-11-20 14:01:52',NULL),
	(696,12,3,'2017-11-20 14:01:52',NULL),
	(697,12,19,'2017-11-20 14:01:52',NULL),
	(698,12,20,'2017-11-20 14:01:52',NULL),
	(699,12,21,'2017-11-20 14:01:52',NULL),
	(700,12,22,'2017-11-20 14:01:52',NULL),
	(701,12,4,'2017-11-20 14:01:52',NULL),
	(702,12,23,'2017-11-20 14:01:52',NULL),
	(703,12,24,'2017-11-20 14:01:52',NULL),
	(704,12,25,'2017-11-20 14:01:52',NULL),
	(705,12,26,'2017-11-20 14:01:52',NULL),
	(706,12,29,'2017-11-20 14:01:52',NULL),
	(803,14,73,'2017-11-25 14:28:48',NULL),
	(804,14,76,'2017-11-25 14:28:48',NULL),
	(805,14,74,'2017-11-25 14:28:48',NULL),
	(806,14,75,'2017-11-25 14:28:48',NULL),
	(807,14,15,'2017-11-25 14:28:48',NULL),
	(808,14,2,'2017-11-25 14:28:48',NULL),
	(809,14,1,'2017-11-25 14:28:48',NULL),
	(810,14,32,'2017-11-25 14:28:48',NULL),
	(981,13,1,'2017-11-25 20:30:10',NULL),
	(982,13,2,'2017-11-25 20:30:10',NULL),
	(983,13,15,'2017-11-25 20:30:10',NULL),
	(984,13,16,'2017-11-25 20:30:10',NULL),
	(985,13,17,'2017-11-25 20:30:10',NULL),
	(986,13,18,'2017-11-25 20:30:10',NULL),
	(987,13,32,'2017-11-25 20:30:10',NULL),
	(988,13,33,'2017-11-25 20:30:10',NULL),
	(989,13,34,'2017-11-25 20:30:10',NULL),
	(990,13,35,'2017-11-25 20:30:10',NULL),
	(991,13,73,'2017-11-25 20:30:10',NULL),
	(992,13,74,'2017-11-25 20:30:10',NULL),
	(993,13,75,'2017-11-25 20:30:10',NULL),
	(994,13,76,'2017-11-25 20:30:10',NULL),
	(995,13,77,'2017-11-25 20:30:10',NULL),
	(1043,11,73,'2017-11-26 01:37:11',NULL),
	(1044,11,76,'2017-11-26 01:37:11',NULL),
	(1045,11,74,'2017-11-26 01:37:11',NULL),
	(1046,11,75,'2017-11-26 01:37:11',NULL),
	(1047,11,15,'2017-11-26 01:37:11',NULL),
	(1048,11,2,'2017-11-26 01:37:11',NULL),
	(1049,11,1,'2017-11-26 01:37:11',NULL),
	(1050,11,32,'2017-11-26 01:37:11',NULL),
	(1051,11,3,'2017-11-26 01:37:11',NULL),
	(1052,11,21,'2017-11-26 01:37:11',NULL),
	(1053,11,20,'2017-11-26 01:37:11',NULL),
	(1054,11,19,'2017-11-26 01:37:11',NULL),
	(1055,11,22,'2017-11-26 01:37:11',NULL),
	(1077,1,1,'2017-11-26 10:38:56',NULL),
	(1078,1,2,'2017-11-26 10:38:56',NULL),
	(1079,1,3,'2017-11-26 10:38:56',NULL),
	(1080,1,4,'2017-11-26 10:38:56',NULL),
	(1081,1,15,'2017-11-26 10:38:56',NULL),
	(1082,1,16,'2017-11-26 10:38:56',NULL),
	(1083,1,17,'2017-11-26 10:38:56',NULL),
	(1084,1,18,'2017-11-26 10:38:56',NULL),
	(1085,1,19,'2017-11-26 10:38:56',NULL),
	(1086,1,20,'2017-11-26 10:38:56',NULL),
	(1087,1,21,'2017-11-26 10:38:56',NULL),
	(1088,1,22,'2017-11-26 10:38:56',NULL),
	(1089,1,23,'2017-11-26 10:38:56',NULL),
	(1090,1,24,'2017-11-26 10:38:56',NULL),
	(1091,1,25,'2017-11-26 10:38:56',NULL),
	(1092,1,26,'2017-11-26 10:38:56',NULL),
	(1093,1,32,'2017-11-26 10:38:56',NULL),
	(1094,1,33,'2017-11-26 10:38:56',NULL),
	(1095,1,34,'2017-11-26 10:38:56',NULL),
	(1096,1,35,'2017-11-26 10:38:56',NULL),
	(1097,1,73,'2017-11-26 10:38:56',NULL),
	(1098,1,74,'2017-11-26 10:38:56',NULL),
	(1099,1,75,'2017-11-26 10:38:56',NULL),
	(1100,1,76,'2017-11-26 10:38:56',NULL),
	(1101,1,77,'2017-11-26 10:38:56',NULL),
	(1102,1,78,'2017-11-26 10:38:56',NULL),
	(1103,10,1,'2017-11-26 14:40:53',NULL),
	(1104,10,2,'2017-11-26 14:40:53',NULL),
	(1105,10,3,'2017-11-26 14:40:53',NULL),
	(1106,10,4,'2017-11-26 14:40:53',NULL),
	(1107,10,15,'2017-11-26 14:40:53',NULL),
	(1108,10,16,'2017-11-26 14:40:53',NULL),
	(1109,10,17,'2017-11-26 14:40:53',NULL),
	(1110,10,18,'2017-11-26 14:40:53',NULL),
	(1111,10,19,'2017-11-26 14:40:53',NULL),
	(1112,10,20,'2017-11-26 14:40:53',NULL),
	(1113,10,21,'2017-11-26 14:40:53',NULL),
	(1114,10,22,'2017-11-26 14:40:53',NULL),
	(1115,10,23,'2017-11-26 14:40:53',NULL),
	(1116,10,32,'2017-11-26 14:40:53',NULL),
	(1117,10,33,'2017-11-26 14:40:53',NULL),
	(1118,10,34,'2017-11-26 14:40:53',NULL),
	(1119,10,35,'2017-11-26 14:40:53',NULL),
	(1120,10,73,'2017-11-26 14:40:53',NULL),
	(1121,10,74,'2017-11-26 14:40:53',NULL),
	(1122,10,75,'2017-11-26 14:40:53',NULL),
	(1123,10,76,'2017-11-26 14:40:53',NULL),
	(1124,10,77,'2017-11-26 14:40:53',NULL),
	(1125,10,78,'2017-11-26 14:40:53',NULL);

/*!40000 ALTER TABLE `sys_role_menu` ENABLE KEYS */;
UNLOCK TABLES;


# Dump of table sys_user
# ------------------------------------------------------------

DROP TABLE IF EXISTS `sys_user`;

CREATE TABLE `sys_user` (
  `user_id` bigint(20) NOT NULL AUTO_INCREMENT,
  `dept_id` bigint(20) DEFAULT NULL COMMENT 'ID',
  `company_id` bigint(11) DEFAULT NULL COMMENT 'ID',
  `username` varchar(50) DEFAULT NULL COMMENT '',
  `password` varchar(100) DEFAULT NULL COMMENT '',
  `salt` varchar(20) DEFAULT NULL COMMENT '',
  `email` varchar(100) DEFAULT NULL COMMENT '',
  `mobile` varchar(100) DEFAULT NULL COMMENT '',
  `avatar` varchar(100) DEFAULT NULL COMMENT '',
  `login_ip` varchar(100) DEFAULT NULL COMMENT 'IP',
  `login_date` datetime DEFAULT NULL COMMENT '',
  `is_deleted` int(4) DEFAULT '0' COMMENT '  1  0',
  `is_used` int(11) DEFAULT '1' COMMENT '  0  1',
  `create_by` bigint(11) DEFAULT NULL COMMENT 'Id',
  `update_by` bigint(11) DEFAULT NULL COMMENT 'Id',
  `gmt_create` datetime DEFAULT CURRENT_TIMESTAMP,
  `gmt_update` datetime DEFAULT NULL ON UPDATE CURRENT_TIMESTAMP,
  PRIMARY KEY (`user_id`),
  UNIQUE KEY `mobile` (`mobile`)
) ENGINE=InnoDB DEFAULT CHARSET=utf8mb4 COMMENT='';

LOCK TABLES `sys_user` WRITE;
/*!40000 ALTER TABLE `sys_user` DISABLE KEYS */;

INSERT INTO `sys_user` (`user_id`, `dept_id`, `company_id`, `username`, `password`, `salt`, `email`, `mobile`, `avatar`, `login_ip`, `login_date`, `is_deleted`, `is_used`, `create_by`, `update_by`, `gmt_create`, `gmt_update`)
VALUES
	(1,1,1,'','ae4bb20a96395ce7a8e3c0c532adc6b0a9bfa7c140548ba54a9145428a679546','XPRHpzD5MseWPpKn7QtK',NULL,'11',NULL,'0:0:0:0:0:0:0:1','2017-12-12 17:21:14',0,1,NULL,NULL,'2017-11-12 13:16:04','2017-12-12 17:21:13'),
	(9,12,12,'1111','ee8a3da82dc5a1b6e0a76deff42913a54fc64057abf01abf61c138f0d7c0f34a','BS8MJ3FSljEXFGtOQ3VN','1111@qq.com','1111',NULL,'202.206.22.111','2017-11-27 15:00:11',0,1,1,NULL,'2017-11-18 22:17:11','2017-11-27 15:00:10'),
	(10,13,12,'2222','489cd6fd0ca9cc48fbdd0f7ced2b5b2639a9582c78a2f30bcb49a7587697df42','kl0WUpjsDa1tICpT6rgE','2222@qq.com','2222',NULL,'124.237.89.139','2017-11-26 01:31:48',0,1,9,NULL,'2017-11-18 22:21:18','2017-11-26 01:31:48'),
	(11,13,12,'3333','c1e3d7922ca25acb3da93a03cc58d68fbd9f3dd421f5ddbb9f1c51c221d7d44a','DqmKOihfY2lxOsfyjVF4','3333@qq.com','3333',NULL,'36.98.84.48','2017-11-20 14:03:53',0,1,1,1,'2017-11-20 14:03:35','2017-11-20 14:03:52'),
	(12,17,12,'aaaa','5878413eafa08351959768fef5418cbe540feb533a265465bca67dddb9f03325','fCJyalgI7hOKyxSfs1JQ','aaaa@qq.com','aaaa',NULL,'101.28.124.15','2017-11-25 22:44:21',0,1,9,NULL,'2017-11-20 16:03:20','2017-11-25 22:44:20'),
	(13,17,12,'5555','7cc01523c386e5cb3463306150ae4adbf9ffa7c9d39fa86f2a441b775b2a3539','tltJoZBdATX5p6xaMXJ1','5555@qq.com','5555',NULL,'202.206.22.111','2017-11-25 20:29:13',1,1,9,NULL,'2017-11-25 14:26:52','2017-11-25 20:30:21');

/*!40000 ALTER TABLE `sys_user` ENABLE KEYS */;
UNLOCK TABLES;


# Dump of table sys_user_role
# ------------------------------------------------------------

DROP TABLE IF EXISTS `sys_user_role`;

CREATE TABLE `sys_user_role` (
  `id` bigint(20) NOT NULL AUTO_INCREMENT,
  `user_id` bigint(20) DEFAULT NULL COMMENT 'ID',
  `role_id` bigint(20) DEFAULT NULL COMMENT 'ID',
  `gmt_create` datetime DEFAULT CURRENT_TIMESTAMP,
  `gmt_update` datetime DEFAULT NULL ON UPDATE CURRENT_TIMESTAMP,
  PRIMARY KEY (`id`)
) ENGINE=InnoDB DEFAULT CHARSET=utf8mb4 COMMENT='';

LOCK TABLES `sys_user_role` WRITE;
/*!40000 ALTER TABLE `sys_user_role` DISABLE KEYS */;

INSERT INTO `sys_user_role` (`id`, `user_id`, `role_id`, `gmt_create`, `gmt_update`)
VALUES
	(1,1,1,'2017-11-12 13:22:16',NULL),
	(14,9,10,'2017-11-18 22:17:11',NULL),
	(15,10,11,'2017-11-18 22:21:18',NULL),
	(17,12,13,'2017-11-20 16:03:21',NULL),
	(18,11,12,'2017-11-20 17:28:09',NULL);

/*!40000 ALTER TABLE `sys_user_role` ENABLE KEYS */;
UNLOCK TABLES;


# Dump of table sys_user_token
# ------------------------------------------------------------

DROP TABLE IF EXISTS `sys_user_token`;

CREATE TABLE `sys_user_token` (
  `user_id` bigint(20) NOT NULL,
  `token` varchar(100) NOT NULL COMMENT 'token',
  `expire_time` datetime DEFAULT NULL COMMENT '',
  `gmt_create` datetime DEFAULT CURRENT_TIMESTAMP,
  `gmt_update` datetime DEFAULT NULL ON UPDATE CURRENT_TIMESTAMP,
  PRIMARY KEY (`user_id`),
  UNIQUE KEY `token` (`token`)
) ENGINE=InnoDB DEFAULT CHARSET=utf8mb4 COMMENT='Token';

LOCK TABLES `sys_user_token` WRITE;
/*!40000 ALTER TABLE `sys_user_token` DISABLE KEYS */;

INSERT INTO `sys_user_token` (`user_id`, `token`, `expire_time`, `gmt_create`, `gmt_update`)
VALUES
	(1,'d9d2ae7008f1a58c215b06752136cb7f','2017-12-13 05:21:14','2017-11-12 15:31:56','2017-12-12 17:21:14'),
	(9,'ffa13de2190df40042c28163e5ba86eb','2017-11-28 03:00:11','2017-11-18 22:17:24','2017-11-27 15:00:11'),
	(10,'f19e03b80674e237c66e236533273a3f','2017-11-26 13:31:48','2017-11-25 14:08:16','2017-11-26 01:31:48'),
	(11,'c79b743446dc4954356beca116f0e184','2017-11-21 02:03:53','2017-11-20 14:03:52','2017-11-20 14:03:53'),
	(12,'6a56cda644a400c7a587945c518e5411','2017-11-26 10:44:21','2017-11-25 20:30:31','2017-11-25 22:44:21'),
	(13,'fe4d3a281311bad2a628966268d235b4','2017-11-26 08:29:13','2017-11-25 14:27:02','2017-11-25 20:29:13');

/*!40000 ALTER TABLE `sys_user_token` ENABLE KEYS */;
UNLOCK TABLES;



/*!40111 SET SQL_NOTES=@OLD_SQL_NOTES */;
/*!40101 SET SQL_MODE=@OLD_SQL_MODE */;
/*!40014 SET FOREIGN_KEY_CHECKS=@OLD_FOREIGN_KEY_CHECKS */;
/*!40101 SET CHARACTER_SET_CLIENT=@OLD_CHARACTER_SET_CLIENT */;
/*!40101 SET CHARACTER_SET_RESULTS=@OLD_CHARACTER_SET_RESULTS */;
/*!40101 SET COLLATION_CONNECTION=@OLD_COLLATION_CONNECTION */;
